Address,Company,Title,Career,Skill,URL,InfoDetails,Tag,D_day
강서구,㈜비전테크,"기술지원 (역설계, 3D모델링, 3D스캐너, 3차원측정)",신입·경력 (3년이상),"3D CAD, 2D CAD",https://www.jobkorea.co.kr/Recruit/GI_Read/44730428?rPageCode=SL&logpath=21&sn=6,,디자인 직무채용관IT 개발자 전문 채용관 DBA 모델링 머신러닝엔지니어 그래픽디자이너 기계엔지니어 캐드원 설계엔지니어 3D설계 3D디자인 3D모델링 3D스캐너 3차원측정 솔리드웍스 역설계 DesignX 기계·기계설비,시작일 2024.05.21(화) 마감일 2024.05.31(금)
금천구,㈜바올테크,각 분야별 신입경력 모집 (영업부/기술지원부/연구개발부),신입·경력,"성실성, 윤리의식, 적응성",https://www.jobkorea.co.kr/Recruit/GI_Read/44693329?rPageCode=SL&logpath=21&sn=6,,G밸리 우수기업 채용박람회강소기업 채용관IT 개발자 전문 채용관 소프트웨어개발자 시스템분석 시스템설계 정보보안 아키텍처 클라이언트 머신러닝엔지니어 모델링 딥러닝 IT·기술영업 기술영업 기술지원 네트워크영업 솔루션영업,시작일 2024.05.16(목) 마감일 2024.06.15(토)
금천구,㈜에듀클라우드,2024 상반기 공개채용(마케팅/영업/CS/개발/사업기획/영어강사),신입·경력,"계획성, 협동심, 꼼꼼함, 적응성",https://www.jobkorea.co.kr/Recruit/GI_Read/44713543?rPageCode=SL&logpath=21&sn=6,,교육 직무채용관IT 개발자 전문 채용관 웹기획 서비스기획 스토리보드 앱기획 콘텐츠기획 UI·UX기획 PL·PM·PO PM 사무담당자 문서관리 문서작성 사이트관리 퍼포먼스마케터 카페·블로그관리 키워드광고 SNS마케팅,시작일 2024.05.20(월) 마감일 2024.06.18(화)
종로구,㈜케이티,AI 혁신 우수인재 채용 [DATA분야],신입·경력 (3년이상) 직무별상이,"C++, JAVA, Kafka, Python, R, Spark, SQL, Hive, DL",https://www.jobkorea.co.kr/Recruit/GI_Read/44700232?rPageCode=SL&logpath=21&sn=6,,가족친화인증기업 채용관IT 개발자 전문 채용관취업맞춤특기병 전문채용관 경영·비즈니스기획 데이터분석 연구기획 시스템엔지니어 서버구축 시스템분석 시스템설계 시스템운영 서버관리 네트워크엔지니어 네트워크관리 DBA 모델링,시작일 2024.05.17(금) 마감일 2024.06.02(일)
종로구,㈜케이티,AI 혁신 우수인재 채용 [AI분야],경력 (3년이상) 직무별상이,"AWS, C, C++, JAVA, Python",https://www.jobkorea.co.kr/Recruit/GI_Read/44700465?rPageCode=SL&logpath=21&sn=6,,가족친화인증기업 채용관IT 개발자 전문 채용관취업맞춤특기병 전문채용관 경영·비즈니스기획 사업기획 데이터분석 신사업기획 연구기획 전략기획 웹기획 앱기획 백엔드개발자 클라이언트 서버관리 HTTP 프론트엔드개발자 시스템엔지니어,시작일 2024.05.17(금) 마감일 2024.06.02(일)
종로구,㈜케이티,AI 혁신 우수인재 채용 [IT분야],신입·경력 (3년이상) 직무별상이,"JAVA, JSP, MSA, NoSQL, Spring, SQL, Spring Framework, Cloud, DBMS, Restful API",https://www.jobkorea.co.kr/Recruit/GI_Read/44700202?rPageCode=SL&logpath=21&sn=6,,가족친화인증기업 채용관IT 개발자 전문 채용관 경영·비즈니스기획 데이터분석 전략기획 신사업기획 사업기획 경영기획 연구기획 웹기획 서비스기획 스토리보드 제안·컨설팅 앱기획 콘텐츠기획 UI·UX기획 마케팅기획 시장조사,시작일 2024.05.17(금) 마감일 2024.06.02(일)
서초구,기아㈜,2024 기아 5월 경력 채용 생산/품질 부문,경력,"Python, Pytorch, R, CAD, Excel, PowerPoint, CAE, CAM, DBMS, Microsoft Office",https://www.jobkorea.co.kr/Recruit/GI_Read/44653887?rPageCode=SL&logpath=21&sn=6,,가족친화인증기업 채용관건강친화 인증기업 온라인 채용관IT 개발자 전문 채용관 시스템엔지니어 네트워크관리 서버구축 시스템분석 시스템설계 시스템운영 펌웨어 서버관리 네트워크엔지니어 소프트웨어개발자 하드웨어개발자,시작일 2024.05.16(목) 마감일 2024.05.29(수)
서초구,㈜아이센스,㈜아이센스 상반기 신입 및 경력 대규모 채용,신입·경력,,https://www.jobkorea.co.kr/Recruit/GI_Read/44609085?rPageCode=SL&logpath=21&sn=6,,히든챔피언 채용관제약 직무채용관IT 개발자 전문 채용관 PL·PM·PO PM PL 백엔드개발자 서버관리 클라이언트 프론트엔드개발자 반응형웹 인터페이스 GUI 시스템엔지니어 서버구축 네트워크관리 시스템분석 시스템설계,시작일 2024.05.10(금) 마감일 2024.06.09(일)
금천구,스마트라이프텍㈜,[스마트라이프텍㈜] 2024년 상반기 각 부문별 신입 / 경력직 채용,신입·경력 (1년이상) 부서별 경력년수 : 6개월~1년이상,,https://www.jobkorea.co.kr/Recruit/GI_Read/44654351?rPageCode=SL&logpath=21&sn=6,,디자인 직무채용관IT 개발자 전문 채용관 브랜드마케터 라이센싱 브랜딩 시장분석 언론홍보 기업홍보 이벤트기획 퍼포먼스마케터 카페·블로그관리 키워드광고 SNS마케팅 온라인마케터 바이럴마케팅 프로모션 디지털마케팅 배너광고,시작일 2024.05.10(금) 마감일 2024.05.24(금)
강남구,㈜DYB최선어학원,[직영] 24년 신학기 각 부문 STAFF 모집,신입·경력,"JAVA, MySQL, Oracle, PHP, Python, Illustrator, Photoshop, 파이널컷, 프리미어, 영어",https://www.jobkorea.co.kr/Recruit/GI_Read/44627403?rPageCode=SL&logpath=21&sn=6,,일학습병행 채용관IT 개발자 전문 채용관디자인 직무채용관교육 직무채용관 웹기획 서비스기획 앱기획 콘텐츠기획 마케팅기획 데이터분석 브랜드기획 전략기획 인사담당자 인사기획 인사교육 HRD·HRM 교육기획 면접·채용,시작일 2024.05.08(수) 마감일 2024.06.07(금)
강남구,㈜헥토이노베이션,"헥토이노베이션 직군별 인재 모집 (인사,총무,재무,시스템운영,정보보안, 글로벌구독)",경력,"Android, API, iOS, JAVA, Javascript, Python, SQL, Linux, Illustrator, Photoshop",https://www.jobkorea.co.kr/Recruit/GI_Read/44554935?rPageCode=SL&logpath=21&sn=6,,산업기능요원 전문채용관재무·회계 직무채용관IT 개발자 전문 채용관 경영·비즈니스기획 경영기획 사업기획 재무기획 데이터분석 브랜드기획 신사업기획 전략기획 웹기획 서비스기획 스토리보드 제안·컨설팅 앱기획 콘텐츠기획,시작일 2024.05.01(수) 마감일 2024.05.31(금)
강서구,㈜사이냅소프트,[2024년 신입·경력 공개채용] 각 부문별 채용,신입·경력,"AWS, JAVA, MySQL, Node.js, Python, React, Spring, TypeScript, Figma, C/C++",https://www.jobkorea.co.kr/Recruit/GI_Read/44556572?rPageCode=SL&logpath=21&sn=6,,우수벤처기업 공동채용관잡아바 추천 TOP 기업 온라인 채용관산업기능요원 전문채용관강소기업 채용관서울형 강소기업 온라인 채용관참 괜찮은 중소기업 선정 기업IT 개발자 전문 채용관재무·회계 직무채용관디자인 직무채용관 웹기획 서비스기획 콘텐츠기획,시작일 2024.04.29(월) 마감일 2024.05.31(금)
송파구,(주)우아한형제들,각 부문별 경력/신입 인재영입,신입·경력,"ASP, API, ASP.NET, CSS, HTML, JAVA, Javascript, JSP, MSSQL, MySQL, Oracle, PHP, Spring, Spring Boot, SQL, WAS, Window, Linux, Illustrator",https://www.jobkorea.co.kr/Recruit/GI_Read/34208668?rPageCode=SL&logpath=21&sn=6,,가족친화인증기업 채용관IT 개발자 전문 채용관 경영·비즈니스기획 사업기획 전략기획 웹기획 서비스기획 제안·컨설팅 앱기획 마케팅기획 데이터분석 PL·PM·PO PM PL PO 총무 행정 인사담당자 인사행정 HRD·HRM,
강남구,파이온코퍼레이션,브이캣 딥러닝 엔지니어,경력 (2년이상),"Python, NeRF",https://www.jobkorea.co.kr/Recruit/GI_Read/44719709?rPageCode=SL&logpath=21&sn=6,,잡아바 추천 TOP 기업 온라인 채용관IT 개발자 전문 채용관 머신러닝엔지니어 모델링 딥러닝 네트워크·통신서비스 서울 > 강남구,시작일 2024.05.20(월) 마감일 2024.06.16(일)
강남구,딥브레인 AI,머신러닝/딥러닝 엔지니어(전문연구요원 가능),경력,"OpenCV, FFmpeg",https://www.jobkorea.co.kr/Recruit/GI_Read/44631012?rPageCode=SL&logpath=21&sn=6,,스타트업 전문채용관잡아바 추천 TOP 기업 온라인 채용관IT 개발자 전문 채용관 머신러닝엔지니어 딥러닝 모델링 솔루션·SI·CRM·ERP 솔루션 소프트웨어개발 서울 > 강남구,시작일 2024.05.08(수) 마감일 2024.06.07(금)
금천구,㈜인터엑스,[서울] AI Researcher (LLM),경력 (2년이상),"Git, Pandas, Python, Pytorch, SQL, Matplotlib, Numpy, Scikit-Learn",https://www.jobkorea.co.kr/Recruit/GI_Read/44622369?rPageCode=SL&logpath=21&sn=6,,인재육성형 우수기업 채용관IT 개발자 전문 채용관 머신러닝엔지니어 모델링 음성인식 인공지능 챗봇 솔루션·SI·CRM·ERP 솔루션 소프트웨어개발 BigData 서울 > 금천구,시작일 2024.05.07(화) 마감일 2024.06.06(목)
금천구,㈜인터엑스,[서울-병역] AI Researcher LLM,경력 (2년이상),"Git, Pandas, Python, Pytorch, SQL, Matplotlib, Numpy, Scikit-Learn",https://www.jobkorea.co.kr/Recruit/GI_Read/44622338?rPageCode=SL&logpath=21&sn=6,,인재육성형 우수기업 채용관IT 개발자 전문 채용관 머신러닝엔지니어 모델링 음성인식 인공지능 챗봇 솔루션·SI·CRM·ERP 솔루션 소프트웨어개발 BigData 서울 > 금천구,시작일 2024.05.07(화) 마감일 2024.06.06(목)
금천구,비솔,영상분야 AI개발 (가산 근무),경력 (5년이상),"AWS, Pytorch, Tensorflow",https://www.jobkorea.co.kr/Recruit/GI_Read/44568531?rPageCode=SL&logpath=21&sn=6,,잡아바 추천 TOP 기업 온라인 채용관강소기업 채용관참 괜찮은 중소기업 선정 기업IT 개발자 전문 채용관 머신러닝엔지니어 딥러닝 인공지능 모델링 이미지프로세싱 컴퓨터·하드웨어·장비 유지보수 펌웨어 하드웨어 전기·전자·제어 전기 전기설계,시작일 2024.05.01(수) 마감일 2024.05.26(일)
강남구,블루닷㈜,코덱 SW 엔지니어,경력 (6년이상),"C, C++",https://www.jobkorea.co.kr/Recruit/GI_Read/44549161?rPageCode=SL&logpath=21&sn=6,,IT 개발자 전문 채용관 머신러닝엔지니어 반도체·디스플레이·광학 SoC ASIC IC설계 서울 > 강남구,시작일 2024.04.25(목) 마감일 2024.05.24(금)
강남구,블루닷㈜,딥러닝 개발자,경력 (6년이상),,https://www.jobkorea.co.kr/Recruit/GI_Read/44549142?rPageCode=SL&logpath=21&sn=6,,IT 개발자 전문 채용관 머신러닝엔지니어 반도체·디스플레이·광학 SoC ASIC IC설계 서울 > 강남구,시작일 2024.04.25(목) 마감일 2024.05.24(금)
강남구,블루닷㈜,코덱 SW 엔지니어 (신입),신입,"C, C++",https://www.jobkorea.co.kr/Recruit/GI_Read/44549406?rPageCode=SL&logpath=21&sn=6,,IT 개발자 전문 채용관 머신러닝엔지니어 반도체·디스플레이·광학 SoC ASIC IC설계 서울 > 강남구,시작일 2024.04.25(목) 마감일 2024.05.24(금)
강남구,웨이센,AI Research Engineer 시니어,경력 (5년이상),"Pandas, Python, Pytorch, Scipy, Tensorflow, caffe",https://www.jobkorea.co.kr/Recruit/GI_Read/44543893?rPageCode=SL&logpath=21&sn=6,,IT 개발자 전문 채용관 머신러닝엔지니어 솔루션·SI·CRM·ERP 솔루션 소프트웨어개발 BigData 서울 > 강남구,시작일 2024.04.25(목) 마감일 2024.05.31(금)
강남구,블루닷㈜,딥러닝 알고리즘 엔지니어(신입),신입,"Pytorch, Tensorflow",https://www.jobkorea.co.kr/Recruit/GI_Read/44549377?rPageCode=SL&logpath=21&sn=6,,IT 개발자 전문 채용관 머신러닝엔지니어 반도체·디스플레이·광학 SoC ASIC IC설계 서울 > 강남구,시작일 2024.04.25(목) 마감일 2024.05.24(금)
마포구,한국ICT인재개발원,[국비무료IT취업교육]JAVA웹앱/프론트엔드/백엔드/풀스택/빅데이터/인공지능 외 자바개발자취업교육과정/준비된 인재로 취업하기/SW융복합 인재양성 /수료전부터 취업연계매칭시스템,신입·경력,"AWS, Git, Hadoop, JAVA, MyBatis, MySQL, OracleDB, Python, Spring, Spring Boot",https://www.jobkorea.co.kr/Recruit/GI_Read/44714027?rPageCode=SL&logpath=21&sn=6,,교육 직무채용관IT 개발자 전문 채용관 백엔드개발자 서버관리 클라이언트 핀테크 HTTP SI개발 프론트엔드개발자 반응형웹 인터페이스 웹개발자 앱개발자 증강현실 가상현실 암호화폐 음성인식 챗봇 메타버스 시스템엔지니어,시작일 2024.05.20(월) 마감일 2024.05.27(월)
강남구,쌍용교육센터,[국비전액무료IT취업교육] JAVA기반 풀스택 개발자 취업교육생 모집 (JAVA/웹/앱/풀스택/프론트엔드/백엔드/클라우드/빅데이터/최우수훈련기관/100퍼센트 취업지원 및 기업매칭),신입·경력,"계획성, 성취지향성, 꼼꼼함",https://www.jobkorea.co.kr/Recruit/GI_Read/44599190?rPageCode=SL&logpath=21&sn=6,,교육 직무채용관IT 개발자 전문 채용관 웹기획 데이터분석 게임기획 서비스기획 스토리보드 제안·컨설팅 앱기획 콘텐츠기획 UI·UX기획 백엔드개발자 서버관리 클라이언트 핀테크 HTTP SI개발 프론트엔드개발자 GUI,시작일 2024.05.07(화) 마감일 2024.06.06(목)
강서구,대한상공회의소 서울기술교육센터,"[전액국비,취업연계] [Harman] 세미콘 아카데미-반도체 설계, [Intel] 엣지 AI SW 아카데미 교육생 모집",신입·경력,"Android, C#, HMI, JPA, OpenCV, Spring, SQL, ARM, AVR, JSTL, JWT, PLC, JUnit, IoT, 임베디드 시스템, 웹서버, alot, 인텔엣지",https://www.jobkorea.co.kr/Recruit/GI_Read/44572488?rPageCode=SL&logpath=21&sn=6,,교육 직무채용관IT 개발자 전문 채용관 백엔드개발자 서버관리 클라이언트 핀테크 HTTP SI개발 프론트엔드개발자 GUI 반응형웹 인터페이스 웹개발자 앱개발자 증강현실 가상현실 암호화폐 음성인식 챗봇 메타버스,시작일 2024.04.29(월) 마감일 2024.06.29(토)
관악구,엠비씨(MBC)아카데미 컴퓨터교육센터,[서울/경기]100프로 무료 취업교육생모집 (UI.UX웹디자인&퍼블리셔/웹개발/게임/빅데이터/영상),신입·경력,"AWS, JAVA, BIM, CAD, Spring Framework, 3D Printer, UI, UX, 모션 그래픽, 정보보안기사 자격, 영상편집, C언어, MAX, 소프트웨어, 웹프로그래머, 블랜더",https://www.jobkorea.co.kr/Recruit/GI_Read/44407659?rPageCode=SL&logpath=21&sn=6,,디자인 직무채용관교육 직무채용관IT 개발자 전문 채용관취업맞춤특기병 전문채용관 웹기획 게임기획 서비스기획 제안·컨설팅 데이터분석 앱기획 콘텐츠기획 UI·UX기획 콘텐츠마케터 영상제작 웹개발자 앱개발자 증강현실,시작일 2024.04.08(월) 마감일 2024.06.07(금)
원주시,한국산업기술시험원,"[원주, 서울] 한국산업기술시험원 행정/연구직 채용",신입,"성실성, 윤리의식, 협동심, 계획성, 적응성, 꼼꼼함",https://www.jobkorea.co.kr/Recruit/GI_Read/44728550?rPageCode=SL&logpath=21&sn=6,,가족친화인증기업 채용관IT 개발자 전문 채용관 머신러닝엔지니어 인공지능 R&D·연구원 환경 조선·항공·우주 전기·전자 바이오·제약연구원 의료기기연구 공기업·공공기관 공공기관 강원 > 원주시 서울 > 구로구,시작일 2024.05.21(화) 마감일 2024.05.31(금)
강남구,㈜이씨마이너,빅데이터/AI 솔루션 개발자 - 경력 모집,경력,"C, C++, JAVA",https://www.jobkorea.co.kr/Recruit/GI_Read/44681753?rPageCode=SL&logpath=21&sn=6,,참 괜찮은 중소기업 선정 기업일학습병행 채용관IT 개발자 전문 채용관 앱개발자 데이터엔지니어 빅데이터 머신러닝엔지니어 인공지능 솔루션·SI·CRM·ERP 솔루션 소프트웨어개발 서울 > 강남구,시작일 2024.05.14(화) 마감일 2024.06.13(목)
강남구,㈜이씨마이너,빅데이터/AI 솔루션 개발자 - 신입 모집,신입,"C, C++, JAVA",https://www.jobkorea.co.kr/Recruit/GI_Read/44683536?rPageCode=SL&logpath=21&sn=6,,참 괜찮은 중소기업 선정 기업일학습병행 채용관IT 개발자 전문 채용관 앱개발자 데이터엔지니어 빅데이터 머신러닝엔지니어 인공지능 솔루션·SI·CRM·ERP 솔루션 소프트웨어개발 서울 > 강남구,시작일 2024.05.14(화) 마감일 2024.06.13(목)
강남구,㈜이씨마이너,빅데이터/AI 분석전문가,신입·경력,"성실성, 꼼꼼함, 협동심, 적응성, 창의성",https://www.jobkorea.co.kr/Recruit/GI_Read/44683611?rPageCode=SL&logpath=21&sn=6,,참 괜찮은 중소기업 선정 기업일학습병행 채용관IT 개발자 전문 채용관 DBA 모델링 데이터엔지니어 빅데이터 머신러닝엔지니어 인공지능 IT컨설팅 IT컨설팅 CRM 서울 > 강남구,시작일 2024.05.14(화) 마감일 2024.06.13(목)
강남구,㈜비아이매트릭스,생성형 AI 컨설턴트 및 엔지니어 채용,경력 (3년이상),,https://www.jobkorea.co.kr/Recruit/GI_Read/44676691?rPageCode=SL&logpath=21&sn=6,,LG CNS 협력회사 온라인 채용관강소기업 채용관참 괜찮은 중소기업 선정 기업일학습병행 채용관IT 개발자 전문 채용관 시스템엔지니어 서버구축 시스템운영 서버관리 SI개발 네트워크엔지니어 네트워크관리 소프트웨어개발자 시스템분석,시작일 2024.05.14(화) 마감일 2024.05.31(금)
강남구,㈜키토크AI,[키토크 AI] 데이터 전처리/파이썬 인턴 모집 (AI 스타트업),경력무관,"Python, SQL",https://www.jobkorea.co.kr/Recruit/GI_Read/44678652?rPageCode=SL&logpath=21&sn=6,,인기 기업 인턴 채용관IT 개발자 전문 채용관 앱개발자 데이터엔지니어 빅데이터 머신러닝엔지니어 인공지능 솔루션·SI·CRM·ERP 소프트웨어개발 모바일앱개발 BigData 서울 > 강남구,시작일 2024.05.14(화) 마감일 2024.06.13(목)
송파구,㈜이노룰스,(주)이노룰스 머신러닝 개발자 상시채용,경력 (5년이상),기본우대 유관업무 경력자(10년),https://www.jobkorea.co.kr/Recruit/GI_Read/44221473?rPageCode=SL&logpath=21&sn=6,,강소기업 채용관참 괜찮은 중소기업 선정 기업IT 개발자 전문 채용관 머신러닝엔지니어 솔루션·SI·CRM·ERP 서울 > 송파구,
강남구,㈜에이치비테크놀러지,Vision 영상처리(2D/3D) S/W 개발,경력,,https://www.jobkorea.co.kr/Recruit/GI_Read/44665144?rPageCode=SL&logpath=21&sn=6,,일학습병행 채용관IT 개발자 전문 채용관 소프트웨어개발자 머신러닝엔지니어 딥러닝 이미지프로세싱 VISION 영상처리 Image Processing VisualC++ C++ OpenCV CUDA IPP 머신러닝 Python 반도체·디스플레이·광학 LED,시작일 2024.05.13(월) 마감일 2024.06.12(수)
강남구,㈜제노레이,[신입 / 경력] 소프트웨어(SW) 우수인재 모집,신입·경력,"기본우대 유관업무 경력자 우대전공 응용소프트웨어공학
더보기",https://www.jobkorea.co.kr/Recruit/GI_Read/44667259?rPageCode=SL&logpath=21&sn=6,,잡아바 추천 TOP 기업 온라인 채용관강소기업 채용관참 괜찮은 중소기업 선정 기업일학습병행 채용관IT 개발자 전문 채용관제약 직무채용관 소프트웨어개발자 머신러닝엔지니어 인공지능 R&D·연구원 제약·보건·바이오 의료기기 서울 > 강남구,시작일 2024.05.13(월) 마감일 2024.07.12(금)
강남구,㈜에이치비테크놀러지,AI 비전 딥러닝 개발자 (연구소) (신입/경력),신입·경력 (3년이상),,https://www.jobkorea.co.kr/Recruit/GI_Read/44673895?rPageCode=SL&logpath=21&sn=6,,일학습병행 채용관IT 개발자 전문 채용관 머신러닝엔지니어 인공지능 이미지프로세싱 딥러닝 R&D·연구원 정보통신·IT 전기·전자 반도체·디스플레이·광학 LED 디스플레이 TFT LCD 서울 > 강남구,시작일 2024.05.13(월) 마감일 2024.06.12(수)
금천구,㈜컴투스,[컴투스] 2024년 프로그래밍 전문연구요원 (편입) 채용,경력,,https://www.jobkorea.co.kr/Recruit/GI_Read/44657122?rPageCode=SL&logpath=21&sn=6,,IT 개발자 전문 채용관 데이터엔지니어 빅데이터 게임개발자 클라이언트 머신러닝엔지니어 모델링 R&D·연구원 R&D 프로그래밍 라이브개발 게임·애니메이션 게임기획 게임개발 서울 > 금천구,시작일 2024.05.10(금) 마감일 2024.06.28(금)
송파구,㈜이글루코퍼레이션,[연구개발본부] IT개발자(QA/백엔드/프론트엔드/ML/데이터분석) 경력 채용,경력 (2년이상),"Docker, JAVA, Kafka, kubernetes, MySQL, Python, Pytorch, Tensorflow, Spring Framework, RDB",https://www.jobkorea.co.kr/Recruit/GI_Read/44592263?rPageCode=SL&logpath=21&sn=6,,잡아바 추천 TOP 기업 온라인 채용관일학습병행 채용관IT 개발자 전문 채용관 백엔드개발자 머신러닝엔지니어 인공지능 QA 검증 정보보안 서울 > 송파구,시작일 2024.05.02(목) 마감일 2024.06.30(일)
강남구,현대오토에버㈜,차량SW · ICT · 경영지원 부문 채용,경력,"C, C++, MSSQL, SAP, DBMS, 컨설팅, SW, 솔루션",https://www.jobkorea.co.kr/Recruit/GI_Read/44582883?rPageCode=SL&logpath=21&sn=6,,산업기능요원 전문채용관가족친화인증기업 채용관IT 개발자 전문 채용관재무·회계 직무채용관대전·세종·충청 지역채용관부산·울산·경남 지역채용관 경영·비즈니스기획 경영기획 사업기획 신사업기획 웹기획 서비스기획 제안·컨설팅 데이터분석,
강남구,더블유컨셉코리아,[W컨셉] 검색&데이터 개발팀 AI/ML Engineer,경력 (6년이상),"AWS, java, spring, spring boot",https://www.jobkorea.co.kr/Recruit/GI_Read/44576412?rPageCode=SL&logpath=21&sn=6,,IT 개발자 전문 채용관 DBA DBMS 데이터엔지니어 빅데이터 ETL 머신러닝엔지니어 모델링 딥러닝 자연어처리(NLP) 음성인식 이미지프로세싱 쇼핑몰·오픈마켓·소셜커머스 서울 > 강남구,시작일 2024.04.30(화) 마감일 2024.05.31(금)
금천구,㈜컴투스,[컴투스플랫폼] AI 엔지니어 (경력),경력,,https://www.jobkorea.co.kr/Recruit/GI_Read/44554286?rPageCode=SL&logpath=21&sn=6,,IT 개발자 전문 채용관 머신러닝엔지니어 인공지능 딥러닝 AI 엔지니어 게임·애니메이션 게임기획 게임개발 서울 > 금천구,시작일 2024.04.25(목) 마감일 2024.06.28(금)
송파구,㈜해줌,[에너지 IT기업 해줌] 데이터사이언티스트 채용,경력 (3년이상),"Python, R, Tensorflow",https://www.jobkorea.co.kr/Recruit/GI_Read/44547095?rPageCode=SL&logpath=21&sn=6,,강소기업 채용관서울형 강소기업 온라인 채용관IT 개발자 전문 채용관 데이터사이언티스트 데이터분석 머신러닝엔지니어 인공지능 화학·에너지·환경 에너지 서울 > 송파구,시작일 2024.04.25(목) 마감일 2024.05.25(토)
강남구,㈜비바리퍼블리카,[토스뱅크] CSS Modeler (기획/운영),경력 (3년이상),"Python, SAS, SQL",https://www.jobkorea.co.kr/Recruit/GI_Read/44429023?rPageCode=SL&logpath=21&sn=6,,IT 개발자 전문 채용관 데이터사이언티스트 데이터분석 분석모델링 머신러닝엔지니어 모델링 딥러닝 인공지능 은행·금융 서울 > 강남구,
금천구,㈜닷,SW 개발 인재 모집,경력 (3년이상),"C++, Kotlin, Python, Pytorch, Swift",https://www.jobkorea.co.kr/Recruit/GI_Read/44341119?rPageCode=SL&logpath=21&sn=6,,IT 개발자 전문 채용관 앱개발자 하드웨어개발자 머신러닝엔지니어 솔루션·SI·CRM·ERP 소프트웨어개발 서울 > 금천구,
강남구,현대오토에버㈜,[스마트팩토리] 요소기술 개발 리딩 - 팀장급,경력 (10년이상),,https://www.jobkorea.co.kr/Recruit/GI_Read/44397125?rPageCode=SL&logpath=21&sn=6,,가족친화인증기업 채용관 백엔드개발자 서버관리 클라이언트 핀테크 HTTP SI개발 프론트엔드개발자 GUI 반응형웹 인터페이스 웹개발자 앱개발자 증강현실 음성인식 챗봇 암호화폐 가상현실 메타버스 시스템엔지니어,
서초구,㈜코난테크놀로지,2024년 상반기 각 부문 신입/경력 상시채용,신입·경력,"성취지향성, 꼼꼼함, 적응성, 성실성",https://www.jobkorea.co.kr/Recruit/GI_Read/44320698?rPageCode=SL&logpath=21&sn=6,,강소기업 채용관가족친화인증기업 채용관IT 개발자 전문 채용관 웹기획 서비스기획 제안·컨설팅 데이터분석 앱기획 콘텐츠기획 UI·UX기획 웹개발자 앱개발자 증강현실 가상현실 암호화폐 음성인식 인터페이스 챗봇 핀테크,시작일 2024.03.27(수) 마감일 2024.05.26(일)
서초구,잡코리아(유),잡코리아 Tech 인재 상시채용,경력무관,"기본우대 국가유공자
더보기",https://www.jobkorea.co.kr/Recruit/GI_Read/43634159?rPageCode=SL&logpath=21&sn=6,,IT 개발자 전문 채용관 백엔드개발자 프론트엔드개발자 앱개발자 데이터엔지니어 데이터사이언티스트 머신러닝엔지니어 포털·컨텐츠·커뮤니티 취업포털 컨텐츠 포털 서울 > 서초구 서울 > 강남구,
강남구,㈜바이오리서치에이아이,[주 1회 재택근무/고정요일지정] NLP/AI Engineer,경력무관,"AWS, Python",https://www.jobkorea.co.kr/Recruit/GI_Read/44739319?rPageCode=SL&logpath=21&sn=6,,IT 개발자 전문 채용관 머신러닝엔지니어 자연어처리(NLP) 모델링 인공지능 챗봇 솔루션·SI·CRM·ERP 소프트웨어개발 서울 > 강남구,
구로구,㈜다이퀘스트,[다이퀘스트] 데이터 분석 및 지식 구축 모집,경력무관,"JAVA, OracleDB, Python, SQL, Microsoft Office, 컴퓨터활용능력, Ai",https://www.jobkorea.co.kr/Recruit/GI_Read/44738653?rPageCode=SL&logpath=21&sn=6,,강소기업 채용관IT 개발자 전문 채용관 데이터엔지니어 빅데이터 데이터사이언티스트 데이터분석 머신러닝엔지니어 자연어처리(NLP) DB SQL 솔루션·SI·CRM·ERP 솔루션 소프트웨어개발 서울 > 구로구,시작일 2024.05.22(수) 마감일 2024.06.05(수)
서초구,㈜뷰런테크놀로지,[Vueron] Perception Engineer,경력 (2년이상),"C, C++",https://www.jobkorea.co.kr/Recruit/GI_Read/44737934?rPageCode=SL&logpath=21&sn=6,,IT 개발자 전문 채용관 앱개발자 소프트웨어개발자 머신러닝엔지니어 솔루션·SI·CRM·ERP 솔루션 소프트웨어개발 서울 > 서초구,시작일 2024.05.22(수) 마감일 2024.06.21(금)
서초구,㈜뷰런테크놀로지,[Vueron] 라이다/자율주행 딥러닝 개발자,신입·경력 (1년이상),"C, C++, Python",https://www.jobkorea.co.kr/Recruit/GI_Read/44737904?rPageCode=SL&logpath=21&sn=6,,IT 개발자 전문 채용관 소프트웨어개발자 머신러닝엔지니어 딥러닝 인공지능 솔루션·SI·CRM·ERP 솔루션 소프트웨어개발 서울 > 서초구,시작일 2024.05.22(수) 마감일 2024.06.21(금)
금천구,㈜한국정보공작소,연구소장님을 모십니다. (인공지능 비전시스템 개발 총괄 및 개발),경력 (7년이상),"JAVA, MSSQL, MySQL, PHP, Python, R, SQL",https://www.jobkorea.co.kr/Recruit/GI_Read/44733147?rPageCode=SL&logpath=21&sn=6,,G밸리 우수기업 채용박람회수도권 신성장 산업분야 채용관IT 개발자 전문 채용관 데이터엔지니어 빅데이터 데이터사이언티스트 데이터분석 머신러닝엔지니어 딥러닝 자연어처리(NLP) 인공지능 솔루션·SI·CRM·ERP 솔루션 ISP 소프트웨어개발,시작일 2024.05.21(화) 마감일 2024.06.20(목)
강남구,메디픽셀,[Medipixel] Product Owner,경력 (3년이상),,https://www.jobkorea.co.kr/Recruit/GI_Read/44726620?rPageCode=SL&logpath=21&sn=6,,IT 개발자 전문 채용관 PL·PM·PO PO 머신러닝엔지니어 인공지능 바이오·제약연구원 의료기기연구 솔루션·SI·CRM·ERP 솔루션 소프트웨어개발 서울 > 강남구,시작일 2024.05.21(화) 마감일 2024.07.01(월)
등포구,㈜메디치소프트,AI 컨설턴트/AI 마케터,경력무관,"Google Analytics, PowerPoint, 도식화, 해외 마케팅",https://www.jobkorea.co.kr/Recruit/GI_Read/44735385?rPageCode=SL&logpath=21&sn=6,,잡아바 추천 TOP 기업 온라인 채용관IT 개발자 전문 채용관 퍼포먼스마케터 온라인마케터 머신러닝엔지니어 모델링 딥러닝 자연어처리(NLP) 인공지능 챗봇 솔루션·SI·CRM·ERP BigData 서울 > 영등포구 서울 > 서울전지역 서울 > 성동구,
강남구,엠클라우드브리지㈜,AI 서비스 기획자 채용,경력 (5년이상),"우대전공 전산학·컴퓨터공학
더보기",https://www.jobkorea.co.kr/Recruit/GI_Read/44730622?rPageCode=SL&logpath=21&sn=6,,IT 개발자 전문 채용관 경영·비즈니스기획 데이터분석 전략기획 연구기획 신사업기획 PL·PM·PO PM PL PO 머신러닝엔지니어 인공지능 딥러닝 모델링 챗봇 이미지프로세싱 솔루션·SI·CRM·ERP 솔루션 소프트웨어개발 DW,시작일 2024.05.21(화) 마감일 2024.06.15(토)
강남구,에스디티 주식회사,DX TF 엔지니어 채용,경력 (3년이상),"기본우대 관련 학과 전공자 우대전공 기계·메카트로닉스·로봇
더보기",https://www.jobkorea.co.kr/Recruit/GI_Read/44724370?rPageCode=SL&logpath=21&sn=6,,IT 개발자 전문 채용관 시스템엔지니어 머신러닝엔지니어 Python 컴퓨터·하드웨어·장비 스토리지 컴퓨터 펌웨어 하드웨어 AS 서울 > 강남구,시작일 2024.05.20(월) 마감일 2024.06.30(일)
강남구,㈜덴컴,[AI 전문기업 덴컴] 음성 전처리 엔지니어 채용,경력 (5년이상),"Matlab, Python",https://www.jobkorea.co.kr/Recruit/GI_Read/44719880?rPageCode=SL&logpath=21&sn=6,,IT 개발자 전문 채용관 데이터사이언티스트 데이터분석 데이터시각화 분석모델링 하드웨어개발자 시스템분석 시스템설계 머신러닝엔지니어 모델링 딥러닝 자연어처리(NLP) 음성인식 인공지능 AI 음향엔지니어 마이크엔지니어,시작일 2024.05.20(월) 마감일 2024.06.19(수)
송파구,㈜포에시아,2024년 정규직 3기 채용 [개발 경력],경력 (3년이상),"C, JAVA, Python, Go, 정보처리기사 자격, ml",https://www.jobkorea.co.kr/Recruit/GI_Read/44718636?rPageCode=SL&logpath=21&sn=6,,IT 개발자 전문 채용관 머신러닝엔지니어 인공지능 솔루션·SI·CRM·ERP 솔루션 소프트웨어개발 모바일앱개발 SI 서울 > 송파구,시작일 2024.05.20(월) 마감일 2024.07.19(금)
강남구,㈜씨엘모빌리티,[강남] AI 연구소 개발 연구원 채용,경력 (3년이상),"C#, C++, GoLang, Python, Ai, 머신러닝, 딥러닝",https://www.jobkorea.co.kr/Recruit/GI_Read/44717763?rPageCode=SL&logpath=21&sn=6,,강소기업 채용관참 괜찮은 중소기업 선정 기업IT 개발자 전문 채용관 머신러닝엔지니어 딥러닝 R&D·연구원 정보통신·IT R&D 솔루션·SI·CRM·ERP 소프트웨어개발 서울 > 강남구,시작일 2024.05.20(월) 마감일 2024.06.19(수)
강남구,㈜월드멀티넷,3D 솔리드웍스 기구(메카니즘)설계 경력개발자 모집,신입·경력 (1년이상),"3ds Max, CAD, 3D Printer",https://www.jobkorea.co.kr/Recruit/GI_Read/44723782?rPageCode=SL&logpath=21&sn=6,,일학습병행 채용관IT 개발자 전문 채용관 소프트웨어개발자 시스템분석 시스템설계 머신러닝엔지니어 모델링 게임·애니메이션 3D디자인 2D디자인 3D모델링 서울 > 강남구,시작일 2024.05.20(월) 마감일 2024.06.30(일)
강남구,㈜덴컴,[AI 전문기업 덴컴] AI Research 팀장 채용,경력 (6년이상),"C, C++, Python, Tensorflow, TypeScript",https://www.jobkorea.co.kr/Recruit/GI_Read/44718693?rPageCode=SL&logpath=21&sn=6,,일학습병행 채용관IT 개발자 전문 채용관 앱개발자 음성인식 데이터사이언티스트 데이터분석 분석모델링 데이터시각화 머신러닝엔지니어 모델링 딥러닝 자연어처리(NLP) 인공지능 AI 음성신호 처리 솔루션·SI·CRM·ERP 소프트웨어개발,시작일 2024.05.20(월) 마감일 2024.06.19(수)
송파구,㈜포에시아,2024년 정규직 3기 채용 [개발 신입],신입,,https://www.jobkorea.co.kr/Recruit/GI_Read/44718645?rPageCode=SL&logpath=21&sn=6,,IT 개발자 전문 채용관 머신러닝엔지니어 인공지능 솔루션·SI·CRM·ERP 솔루션 서울 > 송파구,시작일 2024.05.20(월) 마감일 2024.07.19(금)
강남구,㈜덴컴,[AI 전문기업 덴컴] CTO 채용,경력 (10년이상),"JAVA, Javascript, Node.js, NoSQL, Python, ReactJS, SQL, TypeScript, Nest.js",https://www.jobkorea.co.kr/Recruit/GI_Read/44718404?rPageCode=SL&logpath=21&sn=6,,일학습병행 채용관 CEO·COO·CTO CTO 소프트웨어개발자 시스템분석 시스템설계 정보보안 아키텍처 클라이언트 머신러닝엔지니어 모델링 딥러닝 자연어처리(NLP) 음성인식 인공지능 AI 자연어이해(NLU) 기술지원 데이터분석,시작일 2024.05.20(월) 마감일 2024.06.19(수)
서초구,㈜포디아이비젼,C/C++/Linux 펌웨어 및 임베디드 엔지니어 모집,경력무관,"C++, Python, VIsualC·C++, Linux",https://www.jobkorea.co.kr/Recruit/GI_Read/44721438?rPageCode=SL&logpath=21&sn=6,,IT 개발자 전문 채용관 시스템엔지니어 펌웨어 시스템분석 시스템설계 하드웨어개발자 회로설계 검증 머신러닝엔지니어 이미지프로세싱 인공지능 딥러닝 모델링 솔루션·SI·CRM·ERP 솔루션 소프트웨어개발 SI BigData 서울 > 서초구,시작일 2024.05.20(월) 마감일 2024.06.19(수)
서초구,부동산114㈜,[부동산R114 / HDC 계열사] 데이터분석 및 모델링 담당자 모집,경력,Python,https://www.jobkorea.co.kr/Recruit/GI_Read/44720642?rPageCode=SL&logpath=21&sn=6,,IT 개발자 전문 채용관 DBA 데이터마이닝 데이터관리 머신러닝엔지니어 모델링 딥러닝 포털·컨텐츠·커뮤니티 인터넷부동산 포털 서울 > 서초구,시작일 2024.05.20(월) 마감일 2024.05.31(금)
강남구,㈜덴컴,[AI 전문기업 덴컴] 프론드엔드 개발 팀장 채용,경력 (8년이상),"JAVA, Javascript, Node.js, NoSQL, Python, ReactJS, SQL, TypeScript, Next.js",https://www.jobkorea.co.kr/Recruit/GI_Read/44718296?rPageCode=SL&logpath=21&sn=6,,일학습병행 채용관IT 개발자 전문 채용관 프론트엔드개발자 데이터사이언티스트 데이터분석 데이터시각화 분석모델링 머신러닝엔지니어 모델링 딥러닝 자연어처리(NLP) 음성인식 인공지능 기술지원 빅데이터 앱개발 웹개발,시작일 2024.05.20(월) 마감일 2024.06.19(수)
서초구,㈜포디아이비젼,OpenCV/MATLAB/TensorFlow/Python/C/C++/Linux 알고리즘 개발 (팀원)(팀장),신입·경력,"C++, Python, VIsualC·C++, Linux, 강화학습, LLM",https://www.jobkorea.co.kr/Recruit/GI_Read/44721447?rPageCode=SL&logpath=21&sn=6,,IT 개발자 전문 채용관 소프트웨어개발자 아키텍처 머신러닝엔지니어 모델링 딥러닝 인공지능 챗봇 이미지프로세싱 솔루션·SI·CRM·ERP 솔루션 소프트웨어개발 DataMining SI BigData 서울 > 서초구,시작일 2024.05.20(월) 마감일 2024.06.19(수)
강남구,㈜덴컴,[AI 전문기업 덴컴] 음성 AI Researcher 채용,경력 (2년이상),"C, C++, Python",https://www.jobkorea.co.kr/Recruit/GI_Read/44718831?rPageCode=SL&logpath=21&sn=6,,일학습병행 채용관IT 개발자 전문 채용관 앱개발자 음성인식 데이터사이언티스트 데이터분석 데이터시각화 분석모델링 머신러닝엔지니어 모델링 딥러닝 자연어처리(NLP) 인공지능 AI 음성신호 처리 솔루션·SI·CRM·ERP 소프트웨어개발,시작일 2024.05.20(월) 마감일 2024.06.19(수)
송파구,㈜포에시아,2024년 [개발 프로젝트PM] 3기 채용,경력 (10년이상),,https://www.jobkorea.co.kr/Recruit/GI_Read/44718661?rPageCode=SL&logpath=21&sn=6,,머신러닝엔지니어 인공지능 솔루션·SI·CRM·ERP 솔루션 서울 > 송파구,시작일 2024.05.20(월) 마감일 2024.07.19(금)
강남구,㈜덴컴,[AI 전문기업 덴컴] 프론트엔드 개발자 채용,경력 (4년이상),"JAVA, Javascript, Node.js, NoSQL, Python, SQL, TypeScript",https://www.jobkorea.co.kr/Recruit/GI_Read/44716782?rPageCode=SL&logpath=21&sn=6,,일학습병행 채용관IT 개발자 전문 채용관 프론트엔드개발자 데이터사이언티스트 데이터분석 데이터시각화 분석모델링 머신러닝엔지니어 모델링 딥러닝 자연어처리(NLP) 음성인식 인공지능 앱개발 웹개발 AI 자연어이해(NLU),시작일 2024.05.20(월) 마감일 2024.06.19(수)
강남구,㈜티라유텍,인공지능 연구 및 개발 담당,경력 (3년이상),"Keras, Python, Pytorch, Tensorflow",https://www.jobkorea.co.kr/Recruit/GI_Read/44712202?rPageCode=SL&logpath=21&sn=6,,잡아바 추천 TOP 기업 온라인 채용관강소기업 채용관가족친화인증기업 채용관일학습병행 채용관IT 개발자 전문 채용관 데이터엔지니어 데이터사이언티스트 데이터분석 분석모델링 머신러닝엔지니어 모델링 딥러닝 인공지능,시작일 2024.05.19(일) 마감일 2024.06.18(화)
송파구,영성미디어㈜,디지털교과서 전자저작물 교육콘텐츠 개발,신입·경력,"우대전공 전산학·컴퓨터공학
더보기",https://www.jobkorea.co.kr/Recruit/GI_Read/44663106?rPageCode=SL&logpath=21&sn=6,,IT 개발자 전문 채용관 머신러닝엔지니어 딥러닝 모델링 인공지능 웹퍼블리셔 반응형웹 GUI 교재개발·교수설계 교수설계 교육기획 교육콘텐츠개발 포털·컨텐츠·커뮤니티 인터넷교육 컨텐츠 포털 서울 > 송파구,시작일 2024.05.13(월) 마감일 2024.06.12(수)
구로구,㈜미리디,[미리디] 데이터 챕터 리드,경력 (5년이상),"Python, R, SQL",https://www.jobkorea.co.kr/Recruit/GI_Read/44705072?rPageCode=SL&logpath=21&sn=6,,우수벤처기업 공동채용관일학습병행 채용관IT 개발자 전문 채용관 DBA 모델링 데이터마이닝 데이터관리 DW모델러 DBMS 데이터사이언티스트 데이터분석 BI 데이터시각화 분석모델링 머신러닝엔지니어 딥러닝 자연어처리(NLP),시작일 2024.05.17(금) 마감일 2024.07.16(화)
강남구,㈜모토브,IoT 임베디드/펌웨어 엔지니어 채용 (전문연구요원 가능),경력 (3년이상),,https://www.jobkorea.co.kr/Recruit/GI_Read/44709219?rPageCode=SL&logpath=21&sn=6,,IT 개발자 전문 채용관 시스템엔지니어 펌웨어 소프트웨어개발자 머신러닝엔지니어 솔루션·SI·CRM·ERP 서울 > 강남구,시작일 2024.05.17(금) 마감일 2024.07.16(화)
강남구,㈜텐,인공지능 MLOps 플랫폼 인프라 엔지니어,경력 (1년이상),"Jira, kubernetes, Linux, Confluence",https://www.jobkorea.co.kr/Recruit/GI_Read/44703163?rPageCode=SL&logpath=21&sn=6,,IT 개발자 전문 채용관 시스템엔지니어 머신러닝엔지니어 솔루션·SI·CRM·ERP 서울 > 강남구,
강남구,엔쓰리엔,Deep Learning Engineer (음성 합성 TTS 연구/개발) 정규직 채용,신입·경력,"Pandas, Python, Pytorch, Spark, Tensorflow",https://www.jobkorea.co.kr/Recruit/GI_Read/44698259?rPageCode=SL&logpath=21&sn=6,,IT 개발자 전문 채용관 데이터사이언티스트 데이터분석 데이터시각화 분석모델링 머신러닝엔지니어 음성인식 이미지프로세싱 딥러닝 모델링 인공지능 솔루션·SI·CRM·ERP 솔루션 소프트웨어개발 모바일앱개발 DataWarehouse BigData,
강남구,㈜제이엘케이,[제이엘케이] 인공지능(AI) 빅데이터 연구원 (전문연구요원),경력무관,"C, C++, Python",https://www.jobkorea.co.kr/Recruit/GI_Read/44691892?rPageCode=SL&logpath=21&sn=6,,IT 개발자 전문 채용관 앱개발자 데이터엔지니어 빅데이터 머신러닝엔지니어 딥러닝 인공지능 솔루션·SI·CRM·ERP 솔루션 소프트웨어개발 BigData 서울 > 강남구,시작일 2024.05.16(목) 마감일 2024.06.15(토)
강남구,엔쓰리엔,"Deep Learning Engineer (STT, TTS 연구/개발) 정규직 채용",신입·경력,,https://www.jobkorea.co.kr/Recruit/GI_Read/44698312?rPageCode=SL&logpath=21&sn=6,,IT 개발자 전문 채용관 데이터사이언티스트 분석모델링 데이터분석 데이터시각화 머신러닝엔지니어 모델링 딥러닝 음성인식 이미지프로세싱 인공지능 솔루션·SI·CRM·ERP 솔루션 소프트웨어개발 모바일앱개발 DataWarehouse,
금천구,㈜펨트론,[펨트론] SW그룹 3DAI팀 3D파트,신입·경력 (2년이상),,https://www.jobkorea.co.kr/Recruit/GI_Read/44685615?rPageCode=SL&logpath=21&sn=6,,참 괜찮은 중소기업 선정 기업IT 개발자 전문 채용관 DBA DBMS 머신러닝엔지니어 C# C++ MFC MySQL Python 머신제어 알고리즘 영상처리 AI C언어 UI wpf VisualC·C++ 3DViewer 반도체·디스플레이·광학,시작일 2024.05.14(화) 마감일 2024.06.03(월)
강남구,에스디티 주식회사,기업부설연구소 FPGA Logic F/W 개발,경력 (1년이상),"기본우대 관련 학과 전공자 우대전공 기계·메카트로닉스·로봇
더보기",https://www.jobkorea.co.kr/Recruit/GI_Read/44681798?rPageCode=SL&logpath=21&sn=6,,IT 개발자 전문 채용관 시스템엔지니어 하드웨어개발자 머신러닝엔지니어 인공지능 H/W 제품개발 컴퓨터·하드웨어·장비 스토리지 컴퓨터 펌웨어 하드웨어 AS 서울 > 강남구,시작일 2024.05.14(화) 마감일 2024.06.30(일)
금천구,㈜펨트론,[펨트론] SW그룹 AOI팀,신입·경력 (2년이상),,https://www.jobkorea.co.kr/Recruit/GI_Read/44685612?rPageCode=SL&logpath=21&sn=6,,참 괜찮은 중소기업 선정 기업IT 개발자 전문 채용관 DBA DBMS 머신러닝엔지니어 C# C++ MFC MySQL Python 머신제어 알고리즘 영상처리 C언어 UI wpf VisualC·C++ 3DViewer 네트워크,시작일 2024.05.14(화) 마감일 2024.06.03(월)
금천구,㈜에임비랩,[에임비랩] AI 개발자 모집,경력 (3년이상),"OpenCV, deep learning, RAG, torchvision, faiss, lim, Rlhf",https://www.jobkorea.co.kr/Recruit/GI_Read/44683054?rPageCode=SL&logpath=21&sn=6,,IT 개발자 전문 채용관 머신러닝엔지니어 인공지능 솔루션·SI·CRM·ERP 소프트웨어개발 모바일앱개발 서울 > 금천구,시작일 2024.05.14(화) 마감일 2024.06.13(목)
강남구,㈜위존 강남사업장,[경력] AI 엔지니어 채용 - LLM,경력,"기본우대 컴퓨터활용능력 우수자 우대전공 전산학·컴퓨터공학
더보기",https://www.jobkorea.co.kr/Recruit/GI_Read/44677580?rPageCode=SL&logpath=21&sn=6,,강소기업 채용관일학습병행 채용관IT 개발자 전문 채용관 머신러닝엔지니어 딥러닝 인공지능 솔루션·SI·CRM·ERP 솔루션 소프트웨어개발 서울 > 강남구,시작일 2024.05.14(화) 마감일 2024.06.13(목)
구로구,㈜더매트릭스,AI 응용 개발자(백엔드/AI모델 서빙) 채용,경력 (2년이상),"Docker, Flask, Git, Node.js, Python, Pytorch, SQL, Tensorflow, Linux, Fatapi",https://www.jobkorea.co.kr/Recruit/GI_Read/44682787?rPageCode=SL&logpath=21&sn=6,,우수벤처기업 공동채용관수도권 신성장 산업분야 채용관잡아바 추천 TOP 기업 온라인 채용관IT 개발자 전문 채용관 백엔드개발자 소프트웨어개발자 머신러닝엔지니어 솔루션·SI·CRM·ERP 솔루션 소프트웨어개발 SI BI 서울 > 구로구,시작일 2024.05.14(화) 마감일 2024.05.22(수)
강남구,㈜위존 강남사업장,[경력] AI 엔지니어 채용 - ML,경력,"기본우대 컴퓨터활용능력 우수자 우대전공 전산학·컴퓨터공학
더보기",https://www.jobkorea.co.kr/Recruit/GI_Read/44677686?rPageCode=SL&logpath=21&sn=6,,강소기업 채용관일학습병행 채용관IT 개발자 전문 채용관 머신러닝엔지니어 딥러닝 인공지능 솔루션·SI·CRM·ERP 솔루션 소프트웨어개발 서울 > 강남구,시작일 2024.05.14(화) 마감일 2024.06.13(목)
서초구,㈜테크프리,"세상을 바꿀 백엔드, AI 분야 가리지 않은 만능 엔지니어가 되실 분들만 지원해주세요.",경력무관,"기본우대 공모전 입상자 외국어 [영어] TOEIC
더보기",https://www.jobkorea.co.kr/Recruit/GI_Read/44685159?rPageCode=SL&logpath=21&sn=6,,IT 개발자 전문 채용관 백엔드개발자 시스템엔지니어 머신러닝엔지니어 IT컨설팅 IT컨설팅 서울 > 서초구 인천 > 서구,
서초구,렉스코드,렉스코드 AI 개발자 채용,경력무관,"AWS, Docker, MySQL, Python, Redis, Fastapi",https://www.jobkorea.co.kr/Recruit/GI_Read/44684716?rPageCode=SL&logpath=21&sn=6,,강소기업 채용관가족친화인증기업 채용관참 괜찮은 중소기업 선정 기업IT 개발자 전문 채용관 웹개발자 머신러닝엔지니어 딥러닝 자연어처리(NLP) 인공지능 콜센터·아웃소싱·기타 서울 > 서초구,시작일 2024.05.14(화) 마감일 2024.06.13(목)
구로구,더조은컴퓨터학원,"[더조은컴퓨터 구로캠퍼스] 빅데이터(파이썬), AI(머신러닝,딥러닝) 강사 채용",경력무관,"Kafka, Keras, Python, Pytorch, Scipy, SQL, Tensorflow",https://www.jobkorea.co.kr/Recruit/GI_Read/44673177?rPageCode=SL&logpath=21&sn=6,,교육 직무채용관IT 개발자 전문 채용관 데이터엔지니어 빅데이터 머신러닝엔지니어 딥러닝 기술·전문강사 자격증·기술 직업훈련 학원·어학원·교육원 IT학원 디자인학원 서울 > 구로구,시작일 2024.05.13(월) 마감일 2024.06.12(수)
강남구,굿어스데이터,시스템 엔지니어 (신입) 채용,신입,"Window, Linux, TCP/IP, VLAN",https://www.jobkorea.co.kr/Recruit/GI_Read/44671199?rPageCode=SL&logpath=21&sn=6,,IT 개발자 전문 채용관 시스템엔지니어 서버구축 시스템운영 서버관리 머신러닝엔지니어 솔루션·SI·CRM·ERP 솔루션 SM DataMining DataWarehouse SI 서울 > 강남구,시작일 2024.05.13(월) 마감일 2024.06.02(일)
구로구,㈜아이엠에스나노텍,"딥러닝, 모션제어, 영상처리, MFC, Embedded, C, C++ 개발자 모집",신입·경력 (2년이상),"C++, VisualBasic, VIsualC·C++",https://www.jobkorea.co.kr/Recruit/GI_Read/44670514?rPageCode=SL&logpath=21&sn=6,,G밸리 우수기업 채용박람회참 괜찮은 중소기업 선정 기업일학습병행 채용관강소기업 채용관IT 개발자 전문 채용관 프론트엔드개발자 GUI 소프트웨어개발자 머신러닝엔지니어 딥러닝 반도체·디스플레이·광학 정밀광학 반도체장비 서울 > 구로구,시작일 2024.05.13(월) 마감일 2024.05.31(금)
송파구,서울아산병원,서울아산병원 융합의학과 의료영상지능실현연구실 연구원채용,신입·경력,"C++, Python",https://www.jobkorea.co.kr/Recruit/GI_Read/44670234?rPageCode=SL&logpath=21&sn=6,,IT 개발자 전문 채용관 데이터엔지니어 빅데이터 데이터사이언티스트 데이터분석 머신러닝엔지니어 딥러닝 인공지능 의료(병원분류별) 대학병원 서울 > 송파구,시작일 2024.05.13(월) 마감일 2024.05.31(금)
강남구,㈜데이터플로,딥러닝 모형 개발 및 최적화,경력무관,Python,https://www.jobkorea.co.kr/Recruit/GI_Read/44663790?rPageCode=SL&logpath=21&sn=6,,잡아바 추천 TOP 기업 온라인 채용관일학습병행 채용관IT 개발자 전문 채용관 데이터엔지니어 빅데이터 머신러닝엔지니어 딥러닝 인공지능 솔루션·SI·CRM·ERP 솔루션 소프트웨어개발 DataMining BigData BI 서울 > 강남구,시작일 2024.05.13(월) 마감일 2024.06.12(수)
서초구,㈜코그넥스코리아,AI 연구원 (신입/경력/전문연구요원),신입·경력,,https://www.jobkorea.co.kr/Recruit/GI_Read/44664084?rPageCode=SL&logpath=21&sn=6,,참 괜찮은 중소기업 선정 기업IT 개발자 전문 채용관 머신러닝엔지니어 딥러닝 인공지능 솔루션·SI·CRM·ERP 소프트웨어개발 서울 > 서초구,시작일 2024.05.13(월) 마감일 2024.07.12(금)
강남구,㈜뉴블라코리아,[한화그룹 계열사/뉴블라] Machine Learning Engineer,경력 (3년이상),"C++, Python, Pytorch, NPU, LLM, sphinx, Large Language Models, Multi-modal, Quantization, Doxygen",https://www.jobkorea.co.kr/Recruit/GI_Read/44654947?rPageCode=SL&logpath=21&sn=6,,잡아바 추천 TOP 기업 온라인 채용관IT 개발자 전문 채용관 소프트웨어개발자 머신러닝엔지니어 자연어처리(NLP) 이미지프로세싱 음성인식 딥러닝 모델링 반도체엔지니어 반도체·디스플레이·광학 반도체 서울 > 강남구 서울 > 송파구 서울 > 서초구,시작일 2024.05.10(금) 마감일 2024.05.26(일)
서초구,로민,백엔드(Back-end) 개발자 채용,경력 (5년이상),"Docker, JAVA, kubernetes, PostgreSQL, Python, Linux, Elasticsearch, GitHub, Fastapi",https://www.jobkorea.co.kr/Recruit/GI_Read/44653538?rPageCode=SL&logpath=21&sn=6,,잡아바 추천 TOP 기업 온라인 채용관참 괜찮은 중소기업 선정 기업IT 개발자 전문 채용관 웹개발자 시스템엔지니어 서버구축 머신러닝엔지니어 자연어처리(NLP) 인공지능 솔루션·SI·CRM·ERP 솔루션 소프트웨어개발 서울 > 서초구,시작일 2024.05.10(금) 마감일 2024.05.31(금)
강남구,㈜씨디알아이,[CDRI] AI 데이터 사이언티스트 채용,경력무관,"Pytorch, Tensorflow",https://www.jobkorea.co.kr/Recruit/GI_Read/44657087?rPageCode=SL&logpath=21&sn=6,,IT 개발자 전문 채용관 데이터엔지니어 빅데이터 데이터사이언티스트 머신러닝엔지니어 인공지능 솔루션·SI·CRM·ERP 솔루션 소프트웨어개발 서울 > 강남구,시작일 2024.05.10(금) 마감일 2024.06.09(일)
금천구,㈜한국정보공작소,[기업부설연구소] AI 기반 비전시스템 개발 정규직 전문연구원 모집,경력 (3년이상),"DB2, JAVA, MSSQL, MySQL, PHP, Python, R, SQL, Hive",https://www.jobkorea.co.kr/Recruit/GI_Read/44648359?rPageCode=SL&logpath=21&sn=6,,G밸리 우수기업 채용박람회수도권 신성장 산업분야 채용관IT 개발자 전문 채용관 데이터엔지니어 빅데이터 데이터사이언티스트 데이터분석 머신러닝엔지니어 딥러닝 자연어처리(NLP) 인공지능 챗봇 솔루션·SI·CRM·ERP 솔루션 ISP,시작일 2024.05.09(목) 마감일 2024.06.08(토)
서초구,모빌테크,[모빌테크] Sensor Fusion Engineer 모집 (경력),경력 (3년이상),"C, C++, Linux",https://www.jobkorea.co.kr/Recruit/GI_Read/44646402?rPageCode=SL&logpath=21&sn=6,,잡아바 추천 TOP 기업 온라인 채용관IT 개발자 전문 채용관 데이터엔지니어 소프트웨어개발자 머신러닝엔지니어 이미지프로세싱 딥러닝 인공지능 영상처리 알고리즘 솔루션·SI·CRM·ERP 소프트웨어개발 서울 > 서초구,시작일 2024.05.09(목) 마감일 2024.07.08(월)
강남구,에너자이,에너자이 AI 최적화 Researcher 채용 공고 (전문연구요원 가능),경력무관,"Python, Pytorch, Ai, 최적화",https://www.jobkorea.co.kr/Recruit/GI_Read/44642635?rPageCode=SL&logpath=21&sn=6,,IT 개발자 전문 채용관 머신러닝엔지니어 인공지능 솔루션·SI·CRM·ERP 소프트웨어개발 서울 > 강남구,
강남구,㈜야놀자,[커넥트파이클라우드] AI Engineer - ML Product,경력 (2년이상),,https://www.jobkorea.co.kr/Recruit/GI_Read/44637486?rPageCode=SL&logpath=21&sn=6,,IT 개발자 전문 채용관 머신러닝엔지니어 인공지능 AI 네트워크·통신서비스 서울 > 강남구,시작일 2024.05.08(수) 마감일 2024.06.07(금)
강남구,페르소나에이아이,음성/오디오 서버 개발자,경력 (3년이상),,https://www.jobkorea.co.kr/Recruit/GI_Read/44633007?rPageCode=SL&logpath=21&sn=6,,참 괜찮은 중소기업 선정 기업IT 개발자 전문 채용관 머신러닝엔지니어 음성인식 솔루션·SI·CRM·ERP 소프트웨어개발 서울 > 강남구,시작일 2024.05.08(수) 마감일 2024.06.07(금)
금천구,㈜셀빅,(병역특례/전문연구요원) 체감형 컨텐츠 R&D 프로그래머 모집합니다. (PC/Unity/AI/영상처리),경력무관,"AR, Python, Unity, 영상처리, opencv",https://www.jobkorea.co.kr/Recruit/GI_Read/44634636?rPageCode=SL&logpath=21&sn=6,,성동구X성수 스타트업 채용관참 괜찮은 중소기업 선정 기업IT 개발자 전문 채용관 앱개발자 증강현실 게임개발자 머신러닝엔지니어 딥러닝 게임·애니메이션 게임소프트웨어 서울 > 금천구,
송파구,㈜피도텍,인공지능/최적설계 알고리즘 개발자 모집(전문연구요원 또는 정규직),경력무관,,https://www.jobkorea.co.kr/Recruit/GI_Read/44631356?rPageCode=SL&logpath=21&sn=6,,IT 개발자 전문 채용관 머신러닝엔지니어 딥러닝 인공지능 R&D·연구원 R&D 솔루션·SI·CRM·ERP 서울 > 송파구,시작일 2024.05.08(수) 마감일 2024.06.07(금)
강남구,메디픽셀,[Medipixel] Marketing PR Specialist,경력 (3년이상),"기본우대 관련 학과 전공자
더보기",https://www.jobkorea.co.kr/Recruit/GI_Read/44617441?rPageCode=SL&logpath=21&sn=6,,IT 개발자 전문 채용관 브랜드마케터 언론홍보 기업홍보 시장분석 머신러닝엔지니어 인공지능 의료영상 의료기기 AI 솔루션·SI·CRM·ERP 솔루션 소프트웨어개발 서울 > 강남구,시작일 2024.05.07(화) 마감일 2024.06.03(월)
금천구,㈜코드랩이앤티,"AI인공지능, 웹개발(자연어,SST,TTS, 리액트, 노드JS ) 강사 채용",경력 (2년이상),"API, AWS, Docker, Git, JAVA, JPA, MariaDB, MongoDB, MSA",https://www.jobkorea.co.kr/Recruit/GI_Read/44619189?rPageCode=SL&logpath=21&sn=6,,교육 직무채용관IT 개발자 전문 채용관 백엔드개발자 서버관리 클라이언트 핀테크 HTTP SI개발 데이터사이언티스트 BI 데이터분석 데이터시각화 분석모델링 머신러닝엔지니어 딥러닝 자연어처리(NLP) 음성인식 인공지능 챗봇,시작일 2024.05.07(화) 마감일 2024.07.06(토)
강남구,㈜헤링스,AI 백엔드 개발자,경력 (4년이상),,https://www.jobkorea.co.kr/Recruit/GI_Read/44626790?rPageCode=SL&logpath=21&sn=6,,제약 직무채용관IT 개발자 전문 채용관 백엔드개발자 머신러닝엔지니어 제약·보건·바이오 서울 > 강남구,시작일 2024.05.07(화) 마감일 2024.07.06(토)
강남구,㈜스타랩스,[스타랩스] AI Engineer 채용,신입·경력 (1년이상),,https://www.jobkorea.co.kr/Recruit/GI_Read/44627826?rPageCode=SL&logpath=21&sn=6,,일학습병행 채용관IT 개발자 전문 채용관 웹개발자 머신러닝엔지니어 모델링 딥러닝 자연어처리(NLP) 인공지능 이미지프로세싱 솔루션·SI·CRM·ERP 솔루션 소프트웨어개발 서울 > 강남구,시작일 2024.05.07(화) 마감일 2024.06.06(목)
서초구,㈜이노포스트,[경력/신입] AI 개발자 특별 채용,신입·경력 (3년이상),"Python, Pytorch, Tensorflow, Scikit-Learn",https://www.jobkorea.co.kr/Recruit/GI_Read/44623805?rPageCode=SL&logpath=21&sn=6,,참 괜찮은 중소기업 선정 기업IT 개발자 전문 채용관 데이터사이언티스트 데이터분석 데이터시각화 분석모델링 머신러닝엔지니어 모델링 딥러닝 자연어처리(NLP) 이미지프로세싱 음성인식 솔루션·SI·CRM·ERP 솔루션 소프트웨어개발 DataMining,시작일 2024.05.07(화) 마감일 2024.07.06(토)
강남구,㈜테서,의료 텍스트 자연어처리(NLP) 딥러닝 연구원(전문연구요원 가능),경력무관,"기본우대 영어가능자 우대전공 전산학·컴퓨터공학
더보기",https://www.jobkorea.co.kr/Recruit/GI_Read/44612222?rPageCode=SL&logpath=21&sn=6,,잡아바 추천 TOP 기업 온라인 채용관IT 개발자 전문 채용관 머신러닝엔지니어 자연어처리(NLP) 솔루션·SI·CRM·ERP 솔루션 소프트웨어개발 BigData 서울 > 강남구,
구로구,㈜모니터랩,[코스닥 상장] 모니터랩 AI 개발자 채용,경력 (3년이상),"GoLang, Python, Pytorch, Tensorflow, Go, Scikit-Learn",https://www.jobkorea.co.kr/Recruit/GI_Read/44605970?rPageCode=SL&logpath=21&sn=6,,IT 개발자 전문 채용관 소프트웨어개발자 시스템설계 정보보안 아키텍처 머신러닝엔지니어 모델링 딥러닝 자연어처리(NLP) 음성인식 인공지능 정보보안 서울 > 구로구,시작일 2024.05.03(금) 마감일 2024.06.02(일)
구로구,㈜포딕스시스템,정부과제(지원사업) 지원 연구원 및 선행기술 연구개발자 모집,경력 (3년이상),"Python, Linux, PowerPoint, 워드, OA, RCMS, 통합이지바로",https://www.jobkorea.co.kr/Recruit/GI_Read/44610243?rPageCode=SL&logpath=21&sn=6,,강소기업 채용관참 괜찮은 중소기업 선정 기업일학습병행 채용관IT 개발자 전문 채용관취업맞춤특기병 전문채용관 경영·비즈니스기획 연구기획 머신러닝엔지니어 딥러닝 이미지프로세싱 인공지능 R&D·연구원 R&D 정보통신·IT 전기·전자·제어 전자,시작일 2024.05.03(금) 마감일 2024.06.02(일)
서초구,메타빌드㈜,2024년 상반기 신입/경력사원 채용,신입·경력 (3년이상) 직무에 따라 상이,"C, C++, JAVA, Python, Pytorch, Spring, Tensorflow, UI, 운전면허",https://www.jobkorea.co.kr/Recruit/GI_Read/44602543?rPageCode=SL&logpath=21&sn=6,,서울형 강소기업 온라인 채용관참 괜찮은 중소기업 선정 기업일학습병행 채용관IT 개발자 전문 채용관 경영·비즈니스기획 경영기획 사업기획 데이터분석 신사업기획 연구기획 웹기획 제안·컨설팅 마케팅기획 시장분석 전략기획 PL·PM·PO PM,시작일 2024.05.03(금) 마감일 2024.05.22(수)
서초구,㈜매드업,[광고사업부] 데이터 분석가 채용,경력 (3년이상),"Git, Google Analytics, Keras, Pytorch, Tensorflow, Tableau, POWER BI, Looker Studio, Generative AI",https://www.jobkorea.co.kr/Recruit/GI_Read/44590443?rPageCode=SL&logpath=21&sn=6,,네이버 검색광고대행사 채용관서울형 강소기업 온라인 채용관가족친화인증기업 채용관IT 개발자 전문 채용관 데이터사이언티스트 데이터분석 머신러닝엔지니어 인공지능 딥러닝 광고·홍보·전시 온라인광고 서울 > 서초구,시작일 2024.05.02(목) 마감일 2024.06.02(일)
강남구,㈜피트릭스,[현대자동차 사내벤처 피트릭스] AI Engineer (AI 개발자),경력 (5년이상),"Azure, Pytorch, Tensorflow, BigQuery, GitHub, Nginx, TensorRT",https://www.jobkorea.co.kr/Recruit/GI_Read/44588255?rPageCode=SL&logpath=21&sn=6,,스타트업 전문채용관IT 개발자 전문 채용관 데이터사이언티스트 분석모델링 데이터분석 데이터시각화 BI 머신러닝엔지니어 모델링 딥러닝 이미지프로세싱 인공지능 솔루션·SI·CRM·ERP 소프트웨어개발 서울 > 강남구,시작일 2024.05.01(수) 마감일 2024.05.31(금)
송파구,㈜엑스페릭스,[4.5일제/엑스페릭스] 바이오인식/OCR 알고리즘 개발자 모집,경력 (4년이상),"C, C++, Python, OCR, 딥러닝, 알고리즘",https://www.jobkorea.co.kr/Recruit/GI_Read/44583372?rPageCode=SL&logpath=21&sn=6,,가족친화인증기업 채용관IT 개발자 전문 채용관 머신러닝엔지니어 딥러닝 알고리즘 영상처리 영상추출 전기·전자·제어 전기 서울 > 송파구,
송파구,㈜아도스,아도스 ML Engineer 채용,경력 (1년이상),"Python, Pytorch, Tensorflow",https://www.jobkorea.co.kr/Recruit/GI_Read/44583119?rPageCode=SL&logpath=21&sn=6,,참 괜찮은 중소기업 선정 기업IT 개발자 전문 채용관 머신러닝엔지니어 정보보안 해킹 보안소프트웨어 보안컨설팅 정보보안 서울 > 송파구,시작일 2024.04.30(화) 마감일 2024.06.29(토)
강남구,㈜리콘랩스,[리콘랩스] 3D AI Researcher(박사급) 모집,경력무관,,https://www.jobkorea.co.kr/Recruit/GI_Read/44567867?rPageCode=SL&logpath=21&sn=6,,가족친화인증기업 채용관IT 개발자 전문 채용관 머신러닝엔지니어 딥러닝 인공지능 컴퓨터비전 솔루션·SI·CRM·ERP 소프트웨어개발 서울 > 강남구,시작일 2024.04.29(월) 마감일 2024.06.28(금)
금천구,㈜비젼인,[병역특례(보충역)]글로벌 R&D센터 연구원 모집합니다.,경력무관,Python,https://www.jobkorea.co.kr/Recruit/GI_Read/44569420?rPageCode=SL&logpath=21&sn=6,,G밸리 우수기업 채용박람회G밸리 일하기 좋은 기업 채용관수도권 신성장 산업분야 채용관일학습병행 채용관IT 개발자 전문 채용관 머신러닝엔지니어 딥러닝 인공지능 솔루션·SI·CRM·ERP 소프트웨어개발 서울 > 금천구,
강남구,㈜딥핑소스,딥러닝 엔지니어 채용,경력 (3년이상),,https://www.jobkorea.co.kr/Recruit/GI_Read/44572216?rPageCode=SL&logpath=21&sn=6,,IT 개발자 전문 채용관 머신러닝엔지니어 딥러닝 솔루션·SI·CRM·ERP 소프트웨어개발 서울 > 강남구,
금천구,㈜경우시스테크,Linux시스템 개발자 채용,경력무관,"Ajax, C, C++, JAVA, MySQL, SQL, Linux, AutoCAD, CAD, 영어",https://www.jobkorea.co.kr/Recruit/GI_Read/44566948?rPageCode=SL&logpath=21&sn=6,,G밸리 우수기업 채용박람회참 괜찮은 중소기업 선정 기업일학습병행 채용관강소기업 채용관서울형 강소기업 온라인 채용관가족친화인증기업 채용관IT 개발자 전문 채용관 시스템엔지니어 SI개발 시스템설계 펌웨어 소프트웨어개발자 시스템분석,
금천구,㈜비젼인,C/C++/WPF 전문개발자 모집,경력무관,Python,https://www.jobkorea.co.kr/Recruit/GI_Read/44569403?rPageCode=SL&logpath=21&sn=6,,G밸리 우수기업 채용박람회G밸리 일하기 좋은 기업 채용관수도권 신성장 산업분야 채용관일학습병행 채용관IT 개발자 전문 채용관 머신러닝엔지니어 딥러닝 인공지능 솔루션·SI·CRM·ERP 소프트웨어개발 서울 > 금천구,
금천구,㈜경우시스테크,펌웨어 개발자 채용,경력 (3년이상),"Ajax, C, C++, JAVA, MySQL, SQL, Linux, AutoCAD, CAD",https://www.jobkorea.co.kr/Recruit/GI_Read/44566965?rPageCode=SL&logpath=21&sn=6,,G밸리 우수기업 채용박람회참 괜찮은 중소기업 선정 기업일학습병행 채용관강소기업 채용관서울형 강소기업 온라인 채용관가족친화인증기업 채용관IT 개발자 전문 채용관 시스템엔지니어 시스템설계 펌웨어 SI개발 소프트웨어개발자 시스템분석,
구로구,㈜엘로이랩,"[구로지점,AI 초분광 솔루션] AI 연구원 채용(박사)",경력,"꼼꼼함, 성장지향성, 성실성, 성취지향성",https://www.jobkorea.co.kr/Recruit/GI_Read/44549008?rPageCode=SL&logpath=21&sn=6,,IT 개발자 전문 채용관 머신러닝엔지니어 솔루션·SI·CRM·ERP 솔루션 소프트웨어개발 서울 > 구로구,시작일 2024.04.25(목) 마감일 2024.05.25(토)
강남구,테크빌교육㈜,"[테크빌교육] 웹개발 및 운영업무 팀장급 채용(Java, Python)",경력 (8년이상),"성실성, 꼼꼼함, 협동심",https://www.jobkorea.co.kr/Recruit/GI_Read/44549143?rPageCode=SL&logpath=21&sn=6,,가족친화인증기업 채용관참 괜찮은 중소기업 선정 기업일학습병행 채용관IT 개발자 전문 채용관 앱개발자 증강현실 가상현실 메타버스 챗봇 SI개발 시스템엔지니어 시스템설계 시스템분석 시스템운영 서버관리 머신러닝엔지니어 인공지능,시작일 2024.04.25(목) 마감일 2024.05.25(토)
구로구,㈜애니파이브,국가 R&D 연구과제 시스템개발 연구원 채용,경력,"EJB, JAVA, PL/SQL, RDBMS, WAS, DRM, 전자정부표준프레임워크, 정보처리기사 자격",https://www.jobkorea.co.kr/Recruit/GI_Read/44549123?rPageCode=SL&logpath=21&sn=6,,G밸리 우수기업 채용박람회LG CNS 협력회사 온라인 채용관G밸리 일하기 좋은 기업 채용관서울형 강소기업 온라인 채용관가족친화인증기업 채용관IT 개발자 전문 채용관 DBA 모델링 DBMS 소프트웨어개발자 시스템분석 시스템설계 정보보안,시작일 2024.04.25(목) 마감일 2024.05.25(토)
강남구,㈜에스아이시티,[SICT] RPA 개발자 및 PM/PL 채용,경력 (5년이상),"C#, HTML, JAVA, Python, VB.NET, VisualBasic",https://www.jobkorea.co.kr/Recruit/GI_Read/44544488?rPageCode=SL&logpath=21&sn=6,,LG전자 협력회사 온라인 채용관참 괜찮은 중소기업 선정 기업IT 개발자 전문 채용관 프론트엔드개발자 앱개발자 머신러닝엔지니어 RPA UiPath 솔루션·SI·CRM·ERP 솔루션 소프트웨어개발 SM SI 서울 > 강남구,시작일 2024.04.25(목) 마감일 2024.05.25(토)
송파구,㈜딥인스펙션,신입사원 AI모델 연구개발자 채용,경력 (3년이상),"C++, Python",https://www.jobkorea.co.kr/Recruit/GI_Read/44548245?rPageCode=SL&logpath=21&sn=6,,문정비즈밸리 전문채용관참 괜찮은 중소기업 선정 기업IT 개발자 전문 채용관 머신러닝엔지니어 딥러닝 모델링 AI AI모델 연구개발자 솔루션·SI·CRM·ERP 소프트웨어개발 서울 > 송파구,
강남구,㈜라피치,[AI음성기술기업] 기업부설연구소 전문연구요원 채용(병역특례),경력무관,"기본우대 인근거주자
더보기",https://www.jobkorea.co.kr/Recruit/GI_Read/44551075?rPageCode=SL&logpath=21&sn=6,,서울형 강소기업 온라인 채용관참 괜찮은 중소기업 선정 기업일학습병행 채용관IT 개발자 전문 채용관 머신러닝엔지니어 자연어처리(NLP) 딥러닝 인공지능 R&D·연구원 R&D NLU 솔루션·SI·CRM·ERP 서울 > 강남구,
강남구,㈜에스아이시티,[SICT] RPA 개발자 채용,경력 (1년이상),"C#, HTML, JAVA, Python, VB.NET, VisualBasic",https://www.jobkorea.co.kr/Recruit/GI_Read/44544481?rPageCode=SL&logpath=21&sn=6,,LG전자 협력회사 온라인 채용관참 괜찮은 중소기업 선정 기업IT 개발자 전문 채용관 프론트엔드개발자 앱개발자 머신러닝엔지니어 RPA UiPath 솔루션·SI·CRM·ERP 솔루션 소프트웨어개발 SM SI 서울 > 강남구,시작일 2024.04.25(목) 마감일 2024.05.25(토)
구로구,㈜엘로이랩,"[구로지점,AI 초분광 솔루션] AI연구소 AI Engineer 채용(C++/영상처리/MFC/경력)",경력,"꼼꼼함, 성장지향성, 성실성, 성취지향성",https://www.jobkorea.co.kr/Recruit/GI_Read/44549017?rPageCode=SL&logpath=21&sn=6,,IT 개발자 전문 채용관 머신러닝엔지니어 솔루션·SI·CRM·ERP 솔루션 소프트웨어개발 서울 > 구로구,시작일 2024.04.25(목) 마감일 2024.06.24(월)
서초구,㈜포바이포,[코스닥상장사] 영상화질개선 기술개발,경력 (2년이상),,https://www.jobkorea.co.kr/Recruit/GI_Read/44538045?rPageCode=SL&logpath=21&sn=6,,LG전자 협력회사 온라인 채용관IT 개발자 전문 채용관 백엔드개발자 소프트웨어개발자 머신러닝엔지니어 인공지능 딥러닝 AI 광고·홍보·전시 서울 > 서초구,시작일 2024.04.24(수) 마감일 2024.06.23(일)
송파구,㈜아이넷캅,[경력·전문연] 딥러닝/머신러닝 개발자 채용(내일채움공제가능),신입·경력 (1년이상),"Python, R",https://www.jobkorea.co.kr/Recruit/GI_Read/44533037?rPageCode=SL&logpath=21&sn=6,,문정비즈밸리 전문채용관IT 개발자 전문 채용관 DBA 모델링 데이터마이닝 데이터관리 데이터엔지니어 빅데이터 데이터레이크 ETL 데이터파이프라인 머신러닝엔지니어 딥러닝 이미지프로세싱 인공지능 챗봇 Python 알고리즘,시작일 2024.04.24(수) 마감일 2024.06.21(금)
강남구,㈜엠트리센,MLOps 정규직 채용,경력 (3년이상),,https://www.jobkorea.co.kr/Recruit/GI_Read/44529353?rPageCode=SL&logpath=21&sn=6,,IT 개발자 전문 채용관 머신러닝엔지니어 전기·전자·제어 서울 > 강남구,
서초구,에버엑스㈜,AI 리서치 엔지니어 [전문연구요원],경력 (2년이상),"Python, Pytorch, Tensorflow",https://www.jobkorea.co.kr/Recruit/GI_Read/44529077?rPageCode=SL&logpath=21&sn=6,,제약 직무채용관IT 개발자 전문 채용관 머신러닝엔지니어 모델링 딥러닝 이미지프로세싱 인공지능 AI 리서치 엔지니어 제약·보건·바이오 의료기기 서울 > 서초구,
서초구,에버엑스㈜,AI 소프트웨어 엔지니어,경력 (2년이상),"Python, Pytorch, Tensorflow",https://www.jobkorea.co.kr/Recruit/GI_Read/44528661?rPageCode=SL&logpath=21&sn=6,,제약 직무채용관IT 개발자 전문 채용관 머신러닝엔지니어 모델링 딥러닝 이미지프로세싱 인공지능 제약·보건·바이오 의료기기 서울 > 서초구,
강남구,㈜엠트리센,머신 러닝 엔지니어 정규직 채용,경력 (3년이상),,https://www.jobkorea.co.kr/Recruit/GI_Read/44529086?rPageCode=SL&logpath=21&sn=6,,IT 개발자 전문 채용관 머신러닝엔지니어 전기·전자·제어 서울 > 강남구,
강남구,비바이노베이션,[착한의사 비바이노베이션] 정부 R&D 연구원,경력 (1년이상),,https://www.jobkorea.co.kr/Recruit/GI_Read/44530507?rPageCode=SL&logpath=21&sn=6,,IT 개발자 전문 채용관 경영·비즈니스기획 데이터분석 브랜드기획 연구기획 신사업기획 전략기획 데이터엔지니어 빅데이터 데이터레이크 ETL 데이터파이프라인 머신러닝엔지니어 인공지능 딥러닝 챗봇 음성인식 이미지프로세싱,시작일 2024.04.23(화) 마감일 2024.06.22(토)
서초구,에버엑스㈜,AI 리서치 엔지니어,경력 (2년이상),"Python, Pytorch, Tensorflow",https://www.jobkorea.co.kr/Recruit/GI_Read/44529095?rPageCode=SL&logpath=21&sn=6,,제약 직무채용관IT 개발자 전문 채용관 머신러닝엔지니어 모델링 딥러닝 이미지프로세싱 인공지능 AI 리서치 엔지니어 제약·보건·바이오 의료기기 서울 > 서초구,
강남구,㈜뷰브레인헬스케어,[(주)뷰브레인헬스케어] 인공지능 리서처(의료영상) 채용,경력무관,"Keras, Python, Pytorch, Tensorflow, CNN, CT, CUDA, DL, EMR, MRI",https://www.jobkorea.co.kr/Recruit/GI_Read/44529151?rPageCode=SL&logpath=21&sn=6,,IT 개발자 전문 채용관 데이터엔지니어 데이터파이프라인 머신러닝엔지니어 딥러닝 이미지프로세싱 모델링 인공지능 헬스케어 솔루션·SI·CRM·ERP 소프트웨어개발 서울 > 강남구,
서초구,㈜이노포스트,[경력/신입] 공공데이터 및 데이터기반 행정 유경험자 특별 채용,신입·경력 (3년이상),"Hadoop, SQL, BigQuery, DBMS, JSON, 정보처리기사 자격",https://www.jobkorea.co.kr/Recruit/GI_Read/44527723?rPageCode=SL&logpath=21&sn=6,,참 괜찮은 중소기업 선정 기업IT 개발자 전문 채용관 데이터엔지니어 빅데이터 ETL 데이터사이언티스트 데이터분석 머신러닝엔지니어 솔루션·SI·CRM·ERP 솔루션 소프트웨어개발 DataMining BigData 서울 > 서초구,시작일 2024.04.23(화) 마감일 2024.06.22(토)
서초구,로민,멀티모달 엔지니어 채용,경력 (5년이상),"OpenCV, Python, Pytorch, Tensorflow, detectron2, onnx, mmdetection, AdelaiDet",https://www.jobkorea.co.kr/Recruit/GI_Read/44522135?rPageCode=SL&logpath=21&sn=6,,잡아바 추천 TOP 기업 온라인 채용관참 괜찮은 중소기업 선정 기업IT 개발자 전문 채용관 데이터엔지니어 빅데이터 머신러닝엔지니어 딥러닝 인공지능 솔루션·SI·CRM·ERP 솔루션 소프트웨어개발 서울 > 서초구,시작일 2024.04.22(월) 마감일 2024.05.31(금)
강남구,㈜브이알크루,멀티모달 LLM 총괄자 모집,경력 (5년이상),,https://www.jobkorea.co.kr/Recruit/GI_Read/44481823?rPageCode=SL&logpath=21&sn=6,,IT 개발자 전문 채용관 머신러닝엔지니어 자연어처리(NLP) 음성인식 인공지능 딥러닝 모바일·APP 증강현실 서울 > 강남구,시작일 2024.04.17(수) 마감일 2024.06.16(일)
강남구,에스디티 주식회사,기업부설연구소 Linux & Yocto 채용,경력 (3년이상),"기본우대 관련 학과 전공자 우대전공 기계·메카트로닉스·로봇
더보기",https://www.jobkorea.co.kr/Recruit/GI_Read/44457811?rPageCode=SL&logpath=21&sn=6,,IT 개발자 전문 채용관 시스템엔지니어 하드웨어개발자 머신러닝엔지니어 인공지능 H/W 제품개발 컴퓨터·하드웨어·장비 스토리지 컴퓨터 펌웨어 하드웨어 AS 서울 > 강남구,시작일 2024.04.15(월) 마감일 2024.05.31(금)
금천구,㈜파비스,"[FAVIS] 머신비전 시스템제어 및 개발 부문 S/W 프로그램 엔지니어, C/S 엔지니어 상시모집",경력무관,"C#, C++, 영어회화, 1종보통운전면허, 2종보통운전면허, 운전면허, 컴퓨터활용능력",https://www.jobkorea.co.kr/Recruit/GI_Read/44494973?rPageCode=SL&logpath=21&sn=6,,IT 개발자 전문 채용관 머신러닝엔지니어 공정엔지니어 자동화라인 기계·기계설비 자동화설비 서울 > 금천구,시작일 2024.04.18(목) 마감일 2024.06.17(월)
강남구,㈜브이알크루,멀티모달 LLM 연구원 모집,경력 (2년이상),,https://www.jobkorea.co.kr/Recruit/GI_Read/44481177?rPageCode=SL&logpath=21&sn=6,,IT 개발자 전문 채용관 머신러닝엔지니어 자연어처리(NLP) 음성인식 인공지능 딥러닝 모바일·APP 증강현실 서울 > 강남구,시작일 2024.04.17(수) 마감일 2024.06.16(일)
금천구,㈜인디비정보시스템,AI Engineer 경력자 채용,경력 (2년이상),,https://www.jobkorea.co.kr/Recruit/GI_Read/44409359?rPageCode=SL&logpath=21&sn=6,,IT 개발자 전문 채용관 머신러닝엔지니어 인공지능 솔루션·SI·CRM·ERP 서울 > 금천구,시작일 2024.04.08(월) 마감일 2024.06.07(금)
강남구,㈜이엑서비션,모델링 이미지 프로세싱 개발 구인 합니다.,경력 (2년이상),"Keras, Pandas, Python, Pytorch, Scipy, Tensorflow",https://www.jobkorea.co.kr/Recruit/GI_Read/44301747?rPageCode=SL&logpath=21&sn=6,,IT 개발자 전문 채용관 머신러닝엔지니어 모델링 인공지능 이미지프로세싱 딥러닝 솔루션·SI·CRM·ERP 소프트웨어개발 모바일앱개발 서울 > 강남구,
서초구,㈜와이즈오토모티브,자율주행시스템 개발경력자 채용,경력,"C++, Python, ADAS, Autosar, DL, ROS, SLAM",https://www.jobkorea.co.kr/Recruit/GI_Read/44438477?rPageCode=SL&logpath=21&sn=6,,강소기업 채용관참 괜찮은 중소기업 선정 기업일학습병행 채용관IT 개발자 전문 채용관 시스템엔지니어 소프트웨어개발자 머신러닝엔지니어 딥러닝 이미지프로세싱 인공지능 전기·전자·제어 서울 > 서초구,
구로구,㈜트루엔,이미징(화질) 튜닝 포지션 집중 채용 (신입),신입,,https://www.jobkorea.co.kr/Recruit/GI_Read/44322611?rPageCode=SL&logpath=21&sn=6,,G밸리 우수기업 채용박람회보충역 산업기능요원 채용관참 괜찮은 중소기업 선정 기업일학습병행 채용관강소기업 채용관IT 개발자 전문 채용관 머신러닝엔지니어 이미지프로세싱 화질 튜닝 전기·전자·제어 서울 > 구로구,시작일 2024.03.27(수) 마감일 2024.05.26(일)
강남구,에스디티 주식회사,기업부설연구소 MCU F/W 개발(경력직) 채용,경력 (3년이상),"기본우대 관련 학과 전공자 우대전공 기계·메카트로닉스·로봇
더보기",https://www.jobkorea.co.kr/Recruit/GI_Read/44306044?rPageCode=SL&logpath=21&sn=6,,IT 개발자 전문 채용관 시스템엔지니어 하드웨어개발자 머신러닝엔지니어 인공지능 H/W 제품개발 컴퓨터·하드웨어·장비 스토리지 컴퓨터 펌웨어 하드웨어 AS 서울 > 강남구,시작일 2024.03.25(월) 마감일 2024.05.24(금)
서초구,텔코웨어㈜,[텔코웨어] Media Server 개발 경력사원 채용공고,경력 (5년이상),"C, C++, MariaDB, PostgreSQL, Window, Linux, Network Socket",https://www.jobkorea.co.kr/Recruit/GI_Read/44324698?rPageCode=SL&logpath=21&sn=6,,강소기업 채용관참 괜찮은 중소기업 선정 기업IT 개발자 전문 채용관 백엔드개발자 서버관리 클라이언트 소프트웨어개발자 시스템분석 시스템설계 아키텍처 머신러닝엔지니어 딥러닝 이미지프로세싱 솔루션·SI·CRM·ERP 솔루션 소프트웨어개발,
구로구,㈜엘로이랩,"[구로지점, 병역특례(전문연구요원)] AI 연구원 채용",신입·경력,"꼼꼼함, 성장지향성, 성실성, 성취지향성",https://www.jobkorea.co.kr/Recruit/GI_Read/44377676?rPageCode=SL&logpath=21&sn=6,,IT 개발자 전문 채용관 머신러닝엔지니어 솔루션·SI·CRM·ERP 솔루션 소프트웨어개발 서울 > 구로구,시작일 2024.04.03(수) 마감일 2024.06.02(일)
금천구,㈜지브이랩,"머신 비전 프로그램 개발자 모집 (딥러닝, 이미지 프로세싱, 시스템 제어, C++ / 신입 및 경력)",경력 (1년이상),"C, C++, OpenCV, CUDA",https://www.jobkorea.co.kr/Recruit/GI_Read/44420803?rPageCode=SL&logpath=21&sn=6,,LG전자 협력회사 온라인 채용관IT 개발자 전문 채용관 소프트웨어개발자 시스템분석 시스템설계 아키텍처 SI개발 머신러닝엔지니어 딥러닝 이미지프로세싱 솔루션·SI·CRM·ERP 소프트웨어개발 서울 > 금천구,시작일 2024.04.09(화) 마감일 2024.06.08(토)
강남구,㈜엘젠,유능한 개발자 모십니다.,경력 (7년이상),"JAVA, Python, 풀스택, NLU, LLM",https://www.jobkorea.co.kr/Recruit/GI_Read/44491767?rPageCode=SL&logpath=21&sn=6,,IT 개발자 전문 채용관 백엔드개발자 SI개발 소프트웨어개발자 시스템분석 시스템설계 클라이언트 아키텍처 머신러닝엔지니어 딥러닝 자연어처리(NLP) 음성인식 인공지능 모델링 솔루션·SI·CRM·ERP 소프트웨어개발,시작일 2024.04.18(목) 마감일 2024.06.17(월)
강남구,에너자이,에너자이 AI 컴파일러 엔지니어 채용 공고 (전문연구요원 가능),경력무관,"C, C++, Pytorch, Scala, Tensorflow, F#, haskell, Optimizing ML, vision algorithm on DSP, vision algorithm on NPU",https://www.jobkorea.co.kr/Recruit/GI_Read/44322610?rPageCode=SL&logpath=21&sn=6,,IT 개발자 전문 채용관 머신러닝엔지니어 AI 컴파일러 엔지니어 솔루션·SI·CRM·ERP 소프트웨어개발 서울 > 강남구,
서초구,㈜에이아이네이션,[AInation] 인공지능 데이터 사이언티스트 모집 (경력),경력 (3년이상),"Python, Pytorch, SQL, Tensorflow",https://www.jobkorea.co.kr/Recruit/GI_Read/44421363?rPageCode=SL&logpath=21&sn=6,,잡아바 추천 TOP 기업 온라인 채용관IT 개발자 전문 채용관 데이터사이언티스트 데이터분석 데이터시각화 분석모델링 머신러닝엔지니어 모델링 딥러닝 인공지능 솔루션·SI·CRM·ERP 솔루션 서울 > 서초구,
구로구,㈜젠티,[젠티] 인공지능(AI) 엔지니어 모집(병역특례 전문연구요원 포함),경력,"AWS, Python, Pytorch, SQL, GitHub",https://www.jobkorea.co.kr/Recruit/GI_Read/44488519?rPageCode=SL&logpath=21&sn=6,,잡아바 추천 TOP 기업 온라인 채용관IT 개발자 전문 채용관 데이터사이언티스트 데이터분석 데이터시각화 분석모델링 머신러닝엔지니어 모델링 딥러닝 자연어처리(NLP) 인공지능 챗봇 물리 병역특례 수학 정보검색 통계,
구로구,디딤365㈜,클라우드 구축 및 운영 엔지니어 인재 채용,경력 (2년이상),"Python, Window, Linux",https://www.jobkorea.co.kr/Recruit/GI_Read/44481133?rPageCode=SL&logpath=21&sn=6,,강소기업 채용관가족친화인증기업 채용관참 괜찮은 중소기업 선정 기업일학습병행 채용관IT 개발자 전문 채용관 시스템엔지니어 서버구축 시스템운영 서버관리 데이터엔지니어 빅데이터 머신러닝엔지니어 인공지능 네트워크·통신서비스 IDC,
강남구,에너자이,에너자이 ML Engineer/Researcher 채용 공고 (전문연구요원 가능),경력무관,"Keras, Python, Pytorch, Tensorflow, NAS, network compression",https://www.jobkorea.co.kr/Recruit/GI_Read/44521068?rPageCode=SL&logpath=21&sn=6,,IT 개발자 전문 채용관 머신러닝엔지니어 인공지능 딥러닝 컴퓨터비젼 알고리즘 솔루션·SI·CRM·ERP 소프트웨어개발 서울 > 강남구,
구로구,㈜이오그라운드,[쿠아바타] 모바일앱 AI 개발자 (RAG),경력무관,"Pandas, Python, Pytorch, Airflow, Langchain",https://www.jobkorea.co.kr/Recruit/GI_Read/44517975?rPageCode=SL&logpath=21&sn=6,,IT 개발자 전문 채용관 머신러닝엔지니어 인공지능 모바일·APP 서울 > 구로구,시작일 2024.04.22(월) 마감일 2024.05.22(수)
송파구,㈜뉴냅스,[뉴냅스] AI 개발자 채용 공고,경력무관,우대전공 전산학·컴퓨터공학,https://www.jobkorea.co.kr/Recruit/GI_Read/44519732?rPageCode=SL&logpath=21&sn=6,,서울형 강소기업 온라인 채용관IT 개발자 전문 채용관제약 직무채용관 머신러닝엔지니어 인공지능 딥러닝 제약·보건·바이오 의료기기 서울 > 송파구,
구로구,에쓰오씨소프트㈜,AI 모델링 / 데이터 분석,경력 (3년이상),"Keras, Tensorflow",https://www.jobkorea.co.kr/Recruit/GI_Read/44336132?rPageCode=SL&logpath=21&sn=6,,가족친화인증기업 채용관일학습병행 채용관IT 개발자 전문 채용관 데이터사이언티스트 데이터분석 분석모델링 머신러닝엔지니어 모델링 딥러닝 솔루션·SI·CRM·ERP 소프트웨어개발 SI BigData 서울 > 구로구,시작일 2024.03.28(목) 마감일 2024.05.27(월)
서초구,모빌테크,[모빌테크] SLAM & Computer Vision 연구원 모집 (신입/경력),신입·경력 (2년이상),"C++, Python, Pytorch, Tensorflow",https://www.jobkorea.co.kr/Recruit/GI_Read/44502868?rPageCode=SL&logpath=21&sn=6,,잡아바 추천 TOP 기업 온라인 채용관IT 개발자 전문 채용관 데이터엔지니어 머신러닝엔지니어 딥러닝 이미지프로세싱 인공지능 알고리즘 영상처리 C언어 C++ 컴퓨터비전 자율주행 솔루션·SI·CRM·ERP 소프트웨어개발 서울 > 서초구,시작일 2024.04.19(금) 마감일 2024.06.18(화)
금천구,㈜비지언스,AI 개발자,경력 (1년이상),Python,https://www.jobkorea.co.kr/Recruit/GI_Read/44354351?rPageCode=SL&logpath=21&sn=6,,IT 개발자 전문 채용관 데이터엔지니어 빅데이터 머신러닝엔지니어 인공지능 솔루션·SI·CRM·ERP ERP 서울 > 금천구,시작일 2024.04.01(월) 마감일 2024.05.31(금)
금천구,㈜코드랩이앤티,(빅데이터/AI/파이썬/자바/C#/PLC/유니티) 멘토(훈련보조강사) 채용,경력무관,"API, AWS, Docker, Git, JAVA, JPA, MariaDB, MongoDB, MSA",https://www.jobkorea.co.kr/Recruit/GI_Read/44426091?rPageCode=SL&logpath=21&sn=6,,교육 직무채용관IT 개발자 전문 채용관 백엔드개발자 서버관리 클라이언트 HTTP SI개발 데이터사이언티스트 BI 데이터분석 데이터시각화 머신러닝엔지니어 딥러닝 자연어처리(NLP) 음성인식 인공지능 챗봇 유니티 C#,시작일 2024.04.09(화) 마감일 2024.06.08(토)
강남구,에스씨301의원,[SC301의원 삼성동/코엑스] 성형외과 AI엔지니어/개발자(경력자)를 모십니다.,경력,".Net, ASP, Ajax, Android, ASP.NET, EJB, HTML, JAVA, JSP, Python",https://www.jobkorea.co.kr/Recruit/GI_Read/44409886?rPageCode=SL&logpath=21&sn=6,,제약 직무채용관IT 개발자 전문 채용관 백엔드개발자 서버관리 클라이언트 핀테크 HTTP SI개발 프론트엔드개발자 GUI 반응형웹 인터페이스 웹개발자 앱개발자 챗봇 메타버스 네트워크엔지니어 네트워크관리 서버구축,시작일 2024.04.08(월) 마감일 2024.05.31(금)
강남구,㈜단솔플러스,[RPA] Brity RPA 운영/개발 모집,경력무관,"C#, Javascript, VB.NET, Excel",https://www.jobkorea.co.kr/Recruit/GI_Read/44359436?rPageCode=SL&logpath=21&sn=6,,참 괜찮은 중소기업 선정 기업IT 개발자 전문 채용관 소프트웨어개발자 시스템설계 머신러닝엔지니어 모델링 챗봇 RPA 솔루션·SI·CRM·ERP 소프트웨어개발 ERP SI 서울 > 강남구,
서초구,기쁨병원,"[기쁨병원] AI 개발자 및 모바일 앱 개발자, 병원 전산 개발/운영",경력,"기본우대 관련 자격증 보유자
더보기",https://www.jobkorea.co.kr/Recruit/GI_Read/44489007?rPageCode=SL&logpath=21&sn=6,,IT 개발자 전문 채용관 머신러닝엔지니어 의료(병원분류별) 병원 서울 > 서초구,시작일 2024.04.18(목) 마감일 2024.06.17(월)
강남구,딥브레인 AI,[딥브레인AI] 딥러닝 연구원 / 엔지니어 모집 (전문연구요원 가능),신입·경력,"C, C#, C++, JAVA, Python, C++Builder",https://www.jobkorea.co.kr/Recruit/GI_Read/44408834?rPageCode=SL&logpath=21&sn=6,,스타트업 전문채용관잡아바 추천 TOP 기업 온라인 채용관IT 개발자 전문 채용관 머신러닝엔지니어 딥러닝 자연어처리(NLP) 인공지능 챗봇 라이브러리 알고리즘 음성처리 파이썬 솔루션·SI·CRM·ERP 솔루션 소프트웨어개발 서울 > 강남구,
금천구,아크로노드,System 엔지니어 (SE) 부문 담당자 채용,신입·경력,"SQL, Tomcat, WAS, Window, Linux",https://www.jobkorea.co.kr/Recruit/GI_Read/44378764?rPageCode=SL&logpath=21&sn=6,,IT 개발자 전문 채용관 시스템엔지니어 서버구축 시스템분석 시스템운영 서버관리 소프트웨어개발자 시스템설계 머신러닝엔지니어 음성인식 인공지능 솔루션·SI·CRM·ERP 솔루션 서울 > 금천구,시작일 2024.04.03(수) 마감일 2024.06.02(일)
강남구,주식회사 데이블,Machine Learning Engineer (전문연구요원 현역/보충역),신입,"AWS, kubernetes, Python, Pytorch, Spark, SQL, Fastapi, Ray, MLOps",https://www.jobkorea.co.kr/Recruit/GI_Read/44435115?rPageCode=SL&logpath=21&sn=6,,IT 개발자 전문 채용관 머신러닝엔지니어 모델링 딥러닝 솔루션·SI·CRM·ERP DataMining DataWarehouse CRM BigData 서울 > 강남구,
강남구,㈜카운트다운에이아이,카운트다운AI Gen AI 개발자,경력무관,"API, Docker, MySQL, Python, Pytorch, Cloud, CNN, CUDA, DL, GAN",https://www.jobkorea.co.kr/Recruit/GI_Read/44393464?rPageCode=SL&logpath=21&sn=6,,IT 개발자 전문 채용관 백엔드개발자 서버관리 머신러닝엔지니어 딥러닝 모델링 인공지능 모바일·APP 서울 > 강남구,시작일 2024.04.05(금) 마감일 2024.06.04(화)
강남구,딥브레인 AI,"[딥브레인 AI] 전문연구요원, 산업기능요원 채용",신입,,https://www.jobkorea.co.kr/Recruit/GI_Read/44517307?rPageCode=SL&logpath=21&sn=6,,스타트업 전문채용관잡아바 추천 TOP 기업 온라인 채용관IT 개발자 전문 채용관 백엔드개발자 프론트엔드개발자 머신러닝엔지니어 딥러닝 자연어처리(NLP) 음성인식 이미지프로세싱 챗봇 솔루션·SI·CRM·ERP 솔루션 소프트웨어개발 서울 > 강남구,
강남구,㈜에스에이치엘에이비,AI 임베디드 IoT 신입/경력 사원 모집,신입·경력,"Keras, Python, Pytorch, Tensorflow, 라즈베리파이",https://www.jobkorea.co.kr/Recruit/GI_Read/44479375?rPageCode=SL&logpath=21&sn=6,,IT 개발자 전문 채용관 소프트웨어개발자 머신러닝엔지니어 딥러닝 이미지프로세싱 솔루션·SI·CRM·ERP 소프트웨어개발 서울 > 강남구,
강남구,㈜인피닉,서비스 / 솔루션 / 플랫폼 기획/PM,신입·경력,"PowerPoint, OA, 와이어프레임, 컴퓨터활용능력",https://www.jobkorea.co.kr/Recruit/GI_Read/44462062?rPageCode=SL&logpath=21&sn=6,,LG전자 협력회사 온라인 채용관잡아바 추천 TOP 기업 온라인 채용관가족친화인증기업 채용관일학습병행 채용관IT 개발자 전문 채용관 웹기획 제안·컨설팅 머신러닝엔지니어 딥러닝 인공지능 IT·기술영업 솔루션영업 솔루션·SI·CRM·ERP 솔루션,시작일 2024.04.15(월) 마감일 2024.06.14(금)
금천구,㈜파킹고,주차공간분석 영상 AI 개발자 채용,신입·경력 (3년이상),"C#, Python, Pytorch, Tensorflow, ML/DL, Object Detection",https://www.jobkorea.co.kr/Recruit/GI_Read/44447235?rPageCode=SL&logpath=21&sn=6,,인천기업 온라인 채용관IT 개발자 전문 채용관 머신러닝엔지니어 딥러닝 모델링 이미지프로세싱 챗봇 솔루션·SI·CRM·ERP 솔루션 소프트웨어개발 모바일앱개발 서울 > 금천구,시작일 2024.04.12(금) 마감일 2024.06.11(화)
강남구,㈜마르시스,"소프트웨어(Android, Linux) 개발자 모집",신입·경력,"Android, C, C++, JAVA, Kotlin, Linux, 임베디드리눅스, Android Studio, 임베디드 하드웨어",https://www.jobkorea.co.kr/Recruit/GI_Read/44333018?rPageCode=SL&logpath=21&sn=6,,강소기업 채용관참 괜찮은 중소기업 선정 기업일학습병행 채용관IT 개발자 전문 채용관 소프트웨어개발자 머신러닝엔지니어 전기·전자·제어 Micom 전장 전자회로 Hardware Firmware 서울 > 강남구,시작일 2024.03.28(목) 마감일 2024.05.24(금)
강남구,마크클라우드,특허/상표 데이터 등 분석(Python) 및 사업 기획 신규/경력 모집 - 정규직,신입·경력,Python,https://www.jobkorea.co.kr/Recruit/GI_Read/44408219?rPageCode=SL&logpath=21&sn=6,,참 괜찮은 중소기업 선정 기업IT 개발자 전문 채용관 데이터엔지니어 빅데이터 데이터사이언티스트 데이터분석 머신러닝엔지니어 인공지능 솔루션·SI·CRM·ERP 소프트웨어개발 모바일앱개발 SI 서울 > 강남구,시작일 2024.04.08(월) 마감일 2024.06.07(금)
용산구,㈜더캐리,2024년 (주)더캐리 IT인력 (정보혁신부) 전 부문 공개채용,신입·경력,"Flutter, JAVA, Oracle, Python, React, TypeScript, Figma, Next.js, SpringBoot, Langchain",https://www.jobkorea.co.kr/Recruit/GI_Read/44459279?rPageCode=SL&logpath=21&sn=6,,잡아바 추천 TOP 기업 온라인 채용관강소기업 채용관가족친화인증기업 채용관IT 개발자 전문 채용관 웹기획 서비스기획 앱기획 콘텐츠기획 웹개발자 데이터엔지니어 데이터사이언티스트 소프트웨어개발자 머신러닝엔지니어 섬유·의류·패션 유아의류,시작일 2024.04.15(월) 마감일 2024.06.14(금)
강남구,㈜에이콘아카데미,[IT취업연계과정]JAVA/프론트엔드/풀스택/백엔드 자바개발자취업교육과정/ IT취업 컨설팅,신입·경력,"CSS, HTML, JAVA, Javascript, SQL, 풀스택, 자바스크립트, 자바, 직업훈련, 취업연계, 취업교육",https://www.jobkorea.co.kr/Recruit/GI_Read/44670179?rPageCode=SL&logpath=21&sn=6,,참 괜찮은 중소기업 선정 기업IT 개발자 전문 채용관교육 직무채용관대전·세종·충청 지역채용관 백엔드개발자 서버관리 클라이언트 핀테크 HTTP SI개발 프론트엔드개발자 GUI 반응형웹 인터페이스 웹개발자 앱개발자 증강현실,시작일 2024.05.13(월) 마감일 2024.05.31(금)
분당구,㈜세종교육,[IT취업률100프로]AIoT/AWS/풀스택개발(무료숙식교육/비전공자가능/수도권기숙)국비무료 취준생 선착순 모집,신입,,https://www.jobkorea.co.kr/Recruit/GI_Read/44597437?rPageCode=SL&logpath=21&sn=6,,IT 개발자 전문 채용관 백엔드개발자 서버관리 클라이언트 프론트엔드개발자 반응형웹 웹개발자 앱개발자 시스템엔지니어 서버구축 네트워크엔지니어 데이터엔지니어 빅데이터 머신러닝엔지니어 딥러닝 인공지능 자바 도커 Alo Alot,
전지역,동대문여성인력개발센터,[국비지원 무료교육] 챗GPT(AI) 마케팅 실무 훈련생 모집,신입,,https://www.jobkorea.co.kr/Recruit/GI_Read/44607544?rPageCode=SL&logpath=21&sn=6,,교육 직무채용관IT 개발자 전문 채용관 마케팅기획 콘텐츠기획 퍼포먼스마케터 SNS마케팅 온라인마케터 디지털마케팅 제휴마케팅 바이럴마케팅 콘텐츠마케터 영상제작 채널관리자 머신러닝엔지니어 인공지능 챗봇 영상디자이너,시작일 2024.05.07(화) 마감일 2024.06.05(수)
강서구,㈜비전테크,"기술지원 (역설계, 3D모델링, 3D스캐너, 3차원측정)",신입·경력 (3년이상),"3D CAD, 2D CAD",https://www.jobkorea.co.kr/Recruit/GI_Read/44730428?rPageCode=SL&logpath=21&sn=6,,디자인 직무채용관IT 개발자 전문 채용관 DBA 모델링 머신러닝엔지니어 그래픽디자이너 기계엔지니어 캐드원 설계엔지니어 3D설계 3D디자인 3D모델링 3D스캐너 3차원측정 솔리드웍스 역설계 DesignX 기계·기계설비,시작일 2024.05.21(화) 마감일 2024.05.31(금)
금천구,㈜바올테크,각 분야별 신입경력 모집 (영업부/기술지원부/연구개발부),신입·경력,"성실성, 윤리의식, 적응성",https://www.jobkorea.co.kr/Recruit/GI_Read/44693329?rPageCode=SL&logpath=21&sn=6,,G밸리 우수기업 채용박람회강소기업 채용관IT 개발자 전문 채용관 소프트웨어개발자 시스템분석 시스템설계 정보보안 아키텍처 클라이언트 머신러닝엔지니어 모델링 딥러닝 IT·기술영업 기술영업 기술지원 네트워크영업 솔루션영업,시작일 2024.05.16(목) 마감일 2024.06.15(토)
금천구,㈜에듀클라우드,2024 상반기 공개채용(마케팅/영업/CS/개발/사업기획/영어강사),신입·경력,"계획성, 협동심, 꼼꼼함, 적응성",https://www.jobkorea.co.kr/Recruit/GI_Read/44713543?rPageCode=SL&logpath=21&sn=6,,교육 직무채용관IT 개발자 전문 채용관 웹기획 서비스기획 스토리보드 앱기획 콘텐츠기획 UI·UX기획 PL·PM·PO PM 사무담당자 문서관리 문서작성 사이트관리 퍼포먼스마케터 카페·블로그관리 키워드광고 SNS마케팅,시작일 2024.05.20(월) 마감일 2024.06.18(화)
종로구,㈜케이티,AI 혁신 우수인재 채용 [DATA분야],신입·경력 (3년이상) 직무별상이,"C++, JAVA, Kafka, Python, R, Spark, SQL, Hive, DL",https://www.jobkorea.co.kr/Recruit/GI_Read/44700232?rPageCode=SL&logpath=21&sn=6,,가족친화인증기업 채용관IT 개발자 전문 채용관취업맞춤특기병 전문채용관 경영·비즈니스기획 데이터분석 연구기획 시스템엔지니어 서버구축 시스템분석 시스템설계 시스템운영 서버관리 네트워크엔지니어 네트워크관리 DBA 모델링,시작일 2024.05.17(금) 마감일 2024.06.02(일)
종로구,㈜케이티,AI 혁신 우수인재 채용 [AI분야],경력 (3년이상) 직무별상이,"AWS, C, C++, JAVA, Python",https://www.jobkorea.co.kr/Recruit/GI_Read/44700465?rPageCode=SL&logpath=21&sn=6,,가족친화인증기업 채용관IT 개발자 전문 채용관취업맞춤특기병 전문채용관 경영·비즈니스기획 사업기획 데이터분석 신사업기획 연구기획 전략기획 웹기획 앱기획 백엔드개발자 클라이언트 서버관리 HTTP 프론트엔드개발자 시스템엔지니어,시작일 2024.05.17(금) 마감일 2024.06.02(일)
종로구,㈜케이티,AI 혁신 우수인재 채용 [IT분야],신입·경력 (3년이상) 직무별상이,"JAVA, JSP, MSA, NoSQL, Spring, SQL, Spring Framework, Cloud, DBMS, Restful API",https://www.jobkorea.co.kr/Recruit/GI_Read/44700202?rPageCode=SL&logpath=21&sn=6,,가족친화인증기업 채용관IT 개발자 전문 채용관 경영·비즈니스기획 데이터분석 전략기획 신사업기획 사업기획 경영기획 연구기획 웹기획 서비스기획 스토리보드 제안·컨설팅 앱기획 콘텐츠기획 UI·UX기획 마케팅기획 시장조사,시작일 2024.05.17(금) 마감일 2024.06.02(일)
서초구,기아㈜,2024 기아 5월 경력 채용 생산/품질 부문,경력,"Python, Pytorch, R, CAD, Excel, PowerPoint, CAE, CAM, DBMS, Microsoft Office",https://www.jobkorea.co.kr/Recruit/GI_Read/44653887?rPageCode=SL&logpath=21&sn=6,,가족친화인증기업 채용관건강친화 인증기업 온라인 채용관IT 개발자 전문 채용관 시스템엔지니어 네트워크관리 서버구축 시스템분석 시스템설계 시스템운영 펌웨어 서버관리 네트워크엔지니어 소프트웨어개발자 하드웨어개발자,시작일 2024.05.16(목) 마감일 2024.05.29(수)
서초구,㈜아이센스,㈜아이센스 상반기 신입 및 경력 대규모 채용,신입·경력,,https://www.jobkorea.co.kr/Recruit/GI_Read/44609085?rPageCode=SL&logpath=21&sn=6,,히든챔피언 채용관제약 직무채용관IT 개발자 전문 채용관 PL·PM·PO PM PL 백엔드개발자 서버관리 클라이언트 프론트엔드개발자 반응형웹 인터페이스 GUI 시스템엔지니어 서버구축 네트워크관리 시스템분석 시스템설계,시작일 2024.05.10(금) 마감일 2024.06.09(일)
금천구,스마트라이프텍㈜,[스마트라이프텍㈜] 2024년 상반기 각 부문별 신입 / 경력직 채용,신입·경력 (1년이상) 부서별 경력년수 : 6개월~1년이상,,https://www.jobkorea.co.kr/Recruit/GI_Read/44654351?rPageCode=SL&logpath=21&sn=6,,디자인 직무채용관IT 개발자 전문 채용관 브랜드마케터 라이센싱 브랜딩 시장분석 언론홍보 기업홍보 이벤트기획 퍼포먼스마케터 카페·블로그관리 키워드광고 SNS마케팅 온라인마케터 바이럴마케팅 프로모션 디지털마케팅 배너광고,시작일 2024.05.10(금) 마감일 2024.05.24(금)
강남구,㈜DYB최선어학원,[직영] 24년 신학기 각 부문 STAFF 모집,신입·경력,"JAVA, MySQL, Oracle, PHP, Python, Illustrator, Photoshop, 파이널컷, 프리미어, 영어",https://www.jobkorea.co.kr/Recruit/GI_Read/44627403?rPageCode=SL&logpath=21&sn=6,,일학습병행 채용관IT 개발자 전문 채용관디자인 직무채용관교육 직무채용관 웹기획 서비스기획 앱기획 콘텐츠기획 마케팅기획 데이터분석 브랜드기획 전략기획 인사담당자 인사기획 인사교육 HRD·HRM 교육기획 면접·채용,시작일 2024.05.08(수) 마감일 2024.06.07(금)
강남구,㈜헥토이노베이션,"헥토이노베이션 직군별 인재 모집 (인사,총무,재무,시스템운영,정보보안, 글로벌구독)",경력,"Android, API, iOS, JAVA, Javascript, Python, SQL, Linux, Illustrator, Photoshop",https://www.jobkorea.co.kr/Recruit/GI_Read/44554935?rPageCode=SL&logpath=21&sn=6,,산업기능요원 전문채용관재무·회계 직무채용관IT 개발자 전문 채용관 경영·비즈니스기획 경영기획 사업기획 재무기획 데이터분석 브랜드기획 신사업기획 전략기획 웹기획 서비스기획 스토리보드 제안·컨설팅 앱기획 콘텐츠기획,시작일 2024.05.01(수) 마감일 2024.05.31(금)
강서구,㈜사이냅소프트,[2024년 신입·경력 공개채용] 각 부문별 채용,신입·경력,"AWS, JAVA, MySQL, Node.js, Python, React, Spring, TypeScript, Figma, C/C++",https://www.jobkorea.co.kr/Recruit/GI_Read/44556572?rPageCode=SL&logpath=21&sn=6,,우수벤처기업 공동채용관잡아바 추천 TOP 기업 온라인 채용관산업기능요원 전문채용관강소기업 채용관서울형 강소기업 온라인 채용관참 괜찮은 중소기업 선정 기업IT 개발자 전문 채용관재무·회계 직무채용관디자인 직무채용관 웹기획 서비스기획 콘텐츠기획,시작일 2024.04.29(월) 마감일 2024.05.31(금)
송파구,(주)우아한형제들,각 부문별 경력/신입 인재영입,신입·경력,"ASP, API, ASP.NET, CSS, HTML, JAVA, Javascript, JSP, MSSQL, MySQL, Oracle, PHP, Spring, Spring Boot, SQL, WAS, Window, Linux, Illustrator",https://www.jobkorea.co.kr/Recruit/GI_Read/34208668?rPageCode=SL&logpath=21&sn=6,,가족친화인증기업 채용관IT 개발자 전문 채용관 경영·비즈니스기획 사업기획 전략기획 웹기획 서비스기획 제안·컨설팅 앱기획 마케팅기획 데이터분석 PL·PM·PO PM PL PO 총무 행정 인사담당자 인사행정 HRD·HRM,
강남구,파이온코퍼레이션,브이캣 딥러닝 엔지니어,경력 (2년이상),"Python, NeRF",https://www.jobkorea.co.kr/Recruit/GI_Read/44719709?rPageCode=SL&logpath=21&sn=6,,잡아바 추천 TOP 기업 온라인 채용관IT 개발자 전문 채용관 머신러닝엔지니어 모델링 딥러닝 네트워크·통신서비스 서울 > 강남구,시작일 2024.05.20(월) 마감일 2024.06.16(일)
강남구,딥브레인 AI,머신러닝/딥러닝 엔지니어(전문연구요원 가능),경력,"OpenCV, FFmpeg",https://www.jobkorea.co.kr/Recruit/GI_Read/44631012?rPageCode=SL&logpath=21&sn=6,,스타트업 전문채용관잡아바 추천 TOP 기업 온라인 채용관IT 개발자 전문 채용관 머신러닝엔지니어 딥러닝 모델링 솔루션·SI·CRM·ERP 솔루션 소프트웨어개발 서울 > 강남구,시작일 2024.05.08(수) 마감일 2024.06.07(금)
금천구,㈜인터엑스,[서울] AI Researcher (LLM),경력 (2년이상),"Git, Pandas, Python, Pytorch, SQL, Matplotlib, Numpy, Scikit-Learn",https://www.jobkorea.co.kr/Recruit/GI_Read/44622369?rPageCode=SL&logpath=21&sn=6,,인재육성형 우수기업 채용관IT 개발자 전문 채용관 머신러닝엔지니어 모델링 음성인식 인공지능 챗봇 솔루션·SI·CRM·ERP 솔루션 소프트웨어개발 BigData 서울 > 금천구,시작일 2024.05.07(화) 마감일 2024.06.06(목)
금천구,㈜인터엑스,[서울-병역] AI Researcher LLM,경력 (2년이상),"Git, Pandas, Python, Pytorch, SQL, Matplotlib, Numpy, Scikit-Learn",https://www.jobkorea.co.kr/Recruit/GI_Read/44622338?rPageCode=SL&logpath=21&sn=6,,인재육성형 우수기업 채용관IT 개발자 전문 채용관 머신러닝엔지니어 모델링 음성인식 인공지능 챗봇 솔루션·SI·CRM·ERP 솔루션 소프트웨어개발 BigData 서울 > 금천구,시작일 2024.05.07(화) 마감일 2024.06.06(목)
금천구,비솔,영상분야 AI개발 (가산 근무),경력 (5년이상),"AWS, Pytorch, Tensorflow",https://www.jobkorea.co.kr/Recruit/GI_Read/44568531?rPageCode=SL&logpath=21&sn=6,,잡아바 추천 TOP 기업 온라인 채용관강소기업 채용관참 괜찮은 중소기업 선정 기업IT 개발자 전문 채용관 머신러닝엔지니어 딥러닝 인공지능 모델링 이미지프로세싱 컴퓨터·하드웨어·장비 유지보수 펌웨어 하드웨어 전기·전자·제어 전기 전기설계,시작일 2024.05.01(수) 마감일 2024.05.26(일)
강남구,블루닷㈜,코덱 SW 엔지니어,경력 (6년이상),"C, C++",https://www.jobkorea.co.kr/Recruit/GI_Read/44549161?rPageCode=SL&logpath=21&sn=6,,IT 개발자 전문 채용관 머신러닝엔지니어 반도체·디스플레이·광학 SoC ASIC IC설계 서울 > 강남구,시작일 2024.04.25(목) 마감일 2024.05.24(금)
강남구,블루닷㈜,딥러닝 개발자,경력 (6년이상),,https://www.jobkorea.co.kr/Recruit/GI_Read/44549142?rPageCode=SL&logpath=21&sn=6,,IT 개발자 전문 채용관 머신러닝엔지니어 반도체·디스플레이·광학 SoC ASIC IC설계 서울 > 강남구,시작일 2024.04.25(목) 마감일 2024.05.24(금)
강남구,블루닷㈜,코덱 SW 엔지니어 (신입),신입,"C, C++",https://www.jobkorea.co.kr/Recruit/GI_Read/44549406?rPageCode=SL&logpath=21&sn=6,,IT 개발자 전문 채용관 머신러닝엔지니어 반도체·디스플레이·광학 SoC ASIC IC설계 서울 > 강남구,시작일 2024.04.25(목) 마감일 2024.05.24(금)
강남구,웨이센,AI Research Engineer 시니어,경력 (5년이상),"Pandas, Python, Pytorch, Scipy, Tensorflow, caffe",https://www.jobkorea.co.kr/Recruit/GI_Read/44543893?rPageCode=SL&logpath=21&sn=6,,IT 개발자 전문 채용관 머신러닝엔지니어 솔루션·SI·CRM·ERP 솔루션 소프트웨어개발 BigData 서울 > 강남구,시작일 2024.04.25(목) 마감일 2024.05.31(금)
강남구,블루닷㈜,딥러닝 알고리즘 엔지니어(신입),신입,"Pytorch, Tensorflow",https://www.jobkorea.co.kr/Recruit/GI_Read/44549377?rPageCode=SL&logpath=21&sn=6,,IT 개발자 전문 채용관 머신러닝엔지니어 반도체·디스플레이·광학 SoC ASIC IC설계 서울 > 강남구,시작일 2024.04.25(목) 마감일 2024.05.24(금)
마포구,한국ICT인재개발원,[국비무료IT취업교육]JAVA웹앱/프론트엔드/백엔드/풀스택/빅데이터/인공지능 외 자바개발자취업교육과정/준비된 인재로 취업하기/SW융복합 인재양성 /수료전부터 취업연계매칭시스템,신입·경력,"AWS, Git, Hadoop, JAVA, MyBatis, MySQL, OracleDB, Python, Spring, Spring Boot",https://www.jobkorea.co.kr/Recruit/GI_Read/44714027?rPageCode=SL&logpath=21&sn=6,,교육 직무채용관IT 개발자 전문 채용관 백엔드개발자 서버관리 클라이언트 핀테크 HTTP SI개발 프론트엔드개발자 반응형웹 인터페이스 웹개발자 앱개발자 증강현실 가상현실 암호화폐 음성인식 챗봇 메타버스 시스템엔지니어,시작일 2024.05.20(월) 마감일 2024.05.27(월)
강남구,쌍용교육센터,[국비전액무료IT취업교육] JAVA기반 풀스택 개발자 취업교육생 모집 (JAVA/웹/앱/풀스택/프론트엔드/백엔드/클라우드/빅데이터/최우수훈련기관/100퍼센트 취업지원 및 기업매칭),신입·경력,"계획성, 성취지향성, 꼼꼼함",https://www.jobkorea.co.kr/Recruit/GI_Read/44599190?rPageCode=SL&logpath=21&sn=6,,교육 직무채용관IT 개발자 전문 채용관 웹기획 데이터분석 게임기획 서비스기획 스토리보드 제안·컨설팅 앱기획 콘텐츠기획 UI·UX기획 백엔드개발자 서버관리 클라이언트 핀테크 HTTP SI개발 프론트엔드개발자 GUI,시작일 2024.05.07(화) 마감일 2024.06.06(목)
강서구,대한상공회의소 서울기술교육센터,"[전액국비,취업연계] [Harman] 세미콘 아카데미-반도체 설계, [Intel] 엣지 AI SW 아카데미 교육생 모집",신입·경력,"Android, C#, HMI, JPA, OpenCV, Spring, SQL, ARM, AVR, JSTL, JWT, PLC, JUnit, IoT, 임베디드 시스템, 웹서버, alot, 인텔엣지",https://www.jobkorea.co.kr/Recruit/GI_Read/44572488?rPageCode=SL&logpath=21&sn=6,,교육 직무채용관IT 개발자 전문 채용관 백엔드개발자 서버관리 클라이언트 핀테크 HTTP SI개발 프론트엔드개발자 GUI 반응형웹 인터페이스 웹개발자 앱개발자 증강현실 가상현실 암호화폐 음성인식 챗봇 메타버스,시작일 2024.04.29(월) 마감일 2024.06.29(토)
관악구,엠비씨(MBC)아카데미 컴퓨터교육센터,[서울/경기]100프로 무료 취업교육생모집 (UI.UX웹디자인&퍼블리셔/웹개발/게임/빅데이터/영상),신입·경력,"AWS, JAVA, BIM, CAD, Spring Framework, 3D Printer, UI, UX, 모션 그래픽, 정보보안기사 자격, 영상편집, C언어, MAX, 소프트웨어, 웹프로그래머, 블랜더",https://www.jobkorea.co.kr/Recruit/GI_Read/44407659?rPageCode=SL&logpath=21&sn=6,,디자인 직무채용관교육 직무채용관IT 개발자 전문 채용관취업맞춤특기병 전문채용관 웹기획 게임기획 서비스기획 제안·컨설팅 데이터분석 앱기획 콘텐츠기획 UI·UX기획 콘텐츠마케터 영상제작 웹개발자 앱개발자 증강현실,시작일 2024.04.08(월) 마감일 2024.06.07(금)
원주시,한국산업기술시험원,"[원주, 서울] 한국산업기술시험원 행정/연구직 채용",신입,"성실성, 윤리의식, 협동심, 계획성, 적응성, 꼼꼼함",https://www.jobkorea.co.kr/Recruit/GI_Read/44728550?rPageCode=SL&logpath=21&sn=6,,가족친화인증기업 채용관IT 개발자 전문 채용관 머신러닝엔지니어 인공지능 R&D·연구원 환경 조선·항공·우주 전기·전자 바이오·제약연구원 의료기기연구 공기업·공공기관 공공기관 강원 > 원주시 서울 > 구로구,시작일 2024.05.21(화) 마감일 2024.05.31(금)
강남구,㈜이씨마이너,빅데이터/AI 솔루션 개발자 - 경력 모집,경력,"C, C++, JAVA",https://www.jobkorea.co.kr/Recruit/GI_Read/44681753?rPageCode=SL&logpath=21&sn=6,,참 괜찮은 중소기업 선정 기업일학습병행 채용관IT 개발자 전문 채용관 앱개발자 데이터엔지니어 빅데이터 머신러닝엔지니어 인공지능 솔루션·SI·CRM·ERP 솔루션 소프트웨어개발 서울 > 강남구,시작일 2024.05.14(화) 마감일 2024.06.13(목)
강남구,㈜이씨마이너,빅데이터/AI 솔루션 개발자 - 신입 모집,신입,"C, C++, JAVA",https://www.jobkorea.co.kr/Recruit/GI_Read/44683536?rPageCode=SL&logpath=21&sn=6,,참 괜찮은 중소기업 선정 기업일학습병행 채용관IT 개발자 전문 채용관 앱개발자 데이터엔지니어 빅데이터 머신러닝엔지니어 인공지능 솔루션·SI·CRM·ERP 솔루션 소프트웨어개발 서울 > 강남구,시작일 2024.05.14(화) 마감일 2024.06.13(목)
강남구,㈜이씨마이너,빅데이터/AI 분석전문가,신입·경력,"성실성, 꼼꼼함, 협동심, 적응성, 창의성",https://www.jobkorea.co.kr/Recruit/GI_Read/44683611?rPageCode=SL&logpath=21&sn=6,,참 괜찮은 중소기업 선정 기업일학습병행 채용관IT 개발자 전문 채용관 DBA 모델링 데이터엔지니어 빅데이터 머신러닝엔지니어 인공지능 IT컨설팅 IT컨설팅 CRM 서울 > 강남구,시작일 2024.05.14(화) 마감일 2024.06.13(목)
강남구,㈜비아이매트릭스,생성형 AI 컨설턴트 및 엔지니어 채용,경력 (3년이상),,https://www.jobkorea.co.kr/Recruit/GI_Read/44676691?rPageCode=SL&logpath=21&sn=6,,LG CNS 협력회사 온라인 채용관강소기업 채용관참 괜찮은 중소기업 선정 기업일학습병행 채용관IT 개발자 전문 채용관 시스템엔지니어 서버구축 시스템운영 서버관리 SI개발 네트워크엔지니어 네트워크관리 소프트웨어개발자 시스템분석,시작일 2024.05.14(화) 마감일 2024.05.31(금)
강남구,㈜키토크AI,[키토크 AI] 데이터 전처리/파이썬 인턴 모집 (AI 스타트업),경력무관,"Python, SQL",https://www.jobkorea.co.kr/Recruit/GI_Read/44678652?rPageCode=SL&logpath=21&sn=6,,인기 기업 인턴 채용관IT 개발자 전문 채용관 앱개발자 데이터엔지니어 빅데이터 머신러닝엔지니어 인공지능 솔루션·SI·CRM·ERP 소프트웨어개발 모바일앱개발 BigData 서울 > 강남구,시작일 2024.05.14(화) 마감일 2024.06.13(목)
송파구,㈜이노룰스,(주)이노룰스 머신러닝 개발자 상시채용,경력 (5년이상),기본우대 유관업무 경력자(10년),https://www.jobkorea.co.kr/Recruit/GI_Read/44221473?rPageCode=SL&logpath=21&sn=6,,강소기업 채용관참 괜찮은 중소기업 선정 기업IT 개발자 전문 채용관 머신러닝엔지니어 솔루션·SI·CRM·ERP 서울 > 송파구,
강남구,㈜에이치비테크놀러지,Vision 영상처리(2D/3D) S/W 개발,경력,,https://www.jobkorea.co.kr/Recruit/GI_Read/44665144?rPageCode=SL&logpath=21&sn=6,,일학습병행 채용관IT 개발자 전문 채용관 소프트웨어개발자 머신러닝엔지니어 딥러닝 이미지프로세싱 VISION 영상처리 Image Processing VisualC++ C++ OpenCV CUDA IPP 머신러닝 Python 반도체·디스플레이·광학 LED,시작일 2024.05.13(월) 마감일 2024.06.12(수)
